65soV8fe1yWzFiM6lGt5aa,437LZ2PYZZinfUSnSULFBl,9392-2006-09-06T102014Z
77lE0qx4YXCk10i2vpG6J6,ay5XaYBfgNBUzK3ra2A0r,11462-2006-11-26T205016Z
7wkYaVkvhwGQZ9H3s27WFD,2rrczgbLwZHHakJ0b98rls,11640-2007-01-11T073053Z
1Rs7BzkorGIBrTHVeNQliS,rxqndUcxI86jbdvGKHfBn,11641-2007-01-11T073552Z
2tejlD1rRM3WRwnpw6B8Vm,7oCEGbLhXi2HwaAq0jM9or,11668-2007-01-15T212039Z,11669-2007-01-15T212040Z
65hcZFEmdqd1pxjvukKLJT,4f5LQT7aR9yt7LdZf6mkbt,11680-2007-01-17T040821Z
27Wd50InulGmAybl0h2mSF,4fS0TaN9Qvjk4H79IhG0rC,11681-2007-01-17T042310Z
27Wd50InulGmAybl0h2mSF,559fQVqDKaGRLmYoeZgWyx,11682-2007-01-17T182319Z
5xZTmeQ1WNSscyKO2S4tNa,4NEao2u6I6SoBAuSPBR4Qt,12952-2007-03-12T234821Z
5xZTmeQ1WNSscyKO2S4tNa,29nt4yTJyKcKtoHTUieAH,12955-2007-03-12T235741Z
2MQmwBqdohqfvZfDspbqUo,SLZmh0aTQRj1y8LEPTuQS,12961-2007-03-13T000945Z
2MQmwBqdohqfvZfDspbqUo,1sOCJb3w6N4mQmLFutqXlT,12962-2007-03-13T001201Z
6FJvLptH4MWxeQFIYrVkg1,6x8DkmGXZWKgx2VvlVnnlW,11324-2006-11-08T014012Z
2faE2ZIQi97Eih3GbTPPbD,6o0zR2lTrxlMnoEKtZ4j5F,11325-2006-11-08T014429Z
6CiyZwEbGXateUFDG432eN,6luWLphX2598omnlFQk791,13139-2007-03-14T084022Z
6maL7Xy5gQ8AVE3Sffho41,4TI8U919BoEUVwzTfiEuH9,11283-2006-10-31T201926Z
5046Y7O8oPZbZ0moGYlfrl,2xBdAoomg7wETwuNJymX4F,12655-2007-03-08T211217Z
6ctHoadPIV4jZy3EniIleV,ahGUKO3KopxOTO8eSLjuO,12909-2007-03-12T095855Z
40gcBURyeQVN0LTYVk7RNQ,4D2ADxyRJU1EaAzozJJmPG,12911-2007-03-12T113203Z
2o5Vh6wGZmhHEXcUWaJHfA,3cJktqvF8Jtgk0Kij1R1gz,13004-2007-03-13T040702Z
2o5Vh6wGZmhHEXcUWaJHfA,17ISz3HXlD7ANg9rYmD3Ss,13057-2007-03-13T193025Z
4aRtm1gDLB0rvQXXjnzYnS,17OO7jI6OwfZBSbIZXQZ0S,13125-2007-03-14T064155Z
2vhkbxcMkZN5cksW2ueoQn,1kQhO1eD97zF1ESKVRRF5G,11839-2007-02-06T010302Z
4XezlR16An5MBNyCsSyT0P,7xLOdK6NEnkdIr6Q19wKP2,11280-2006-10-31T102056Z
9BTNRwm25UR3gieN2UKMo,1nuKLeDPKTiMMiwdDEo6N5,11597-2006-12-20T094018Z
7caW4FO6v7hnfQ3xf8d9rs,3XpZQYQGnuxuOhltCgmlOm,11704-2007-01-20T071058Z
7uB0Bgs5zVEzzHt2WgaVQT,5134p1YdfygcZIubhlzFMo,12536-2007-03-05T112856Z
4sj8gT2lPmy5ry2clS9HI9,rF9FQxma2mJ6nyCIlucsD,12638-2007-03-08T011254Z
2OOMXM7lW334CHW7oesUe0,6wL7yxCuJ6PPTLcBpSm73R,12758-2007-03-09T074919Z
2OOMXM7lW334CHW7oesUe0,5d0a5UcrRcRYevXq6HCXxg,12759-2007-03-09T080253Z
2OOMXM7lW334CHW7oesUe0,5d0a5UcrRcRYevXq6HCXxg,12760-2007-03-09T080302Z
2OOMXM7lW334CHW7oesUe0,5d0a5UcrRcRYevXq6HCXxg,12761-2007-03-09T080309Z
6YbmB1QUurwvW0LbvKNFqR,12DPOUbnOak5QkKGbOX2r0,11585-2006-12-15T041622Z
6YbmB1QUurwvW0LbvKNFqR,1dzu6EgiIzYIOAqdrEFTPo,13226-2007-03-16T031531Z
687TM74w7owx2dunX2igz6,7CYg78Pks1UlnoR0wPKWHv,9143-2006-09-03T084414Z
5LXXIMrbHipWUftBY5CcVX,4F9T6OdQd5ibZ9sanPvFIY,9514-2006-09-08T073422Z
7sXKkUtDzpXv2xhUY9B9FQ,1pg8KiwuhLdEEN7bb39uHU,9877-2006-09-16T210902Z
6tY3TQgnKBBUoBTL5I6o9,d6xgmwAKCuZqhqQVPad3j,11339-2006-11-09T074110Z
3zbqRjad3YNqLc8dtooNA3,pyc3fW5PZZ3wH7PZId1b5,11510-2006-12-05T085604Z
7a7kk7D9qvVy6WTsh0ZYQc,CyheIYaH7STG4nFt8VSEs,11827-2007-02-03T234001Z
3S5fZzsaNOyyJ1vcXiuiz6,6KOcToba3QCjgmxbaEJTYc,11747-2007-01-26T165547Z
7sztCtbAiCbmXVbhBo3Bas,7CDwccVUZm2sES9m7E1KBe,11551-2006-12-11T205749Z
7sztCtbAiCbmXVbhBo3Bas,43DjWKk9tHjEbuzUwg3cg7,12309-2007-02-28T025747Z
7CupFIAj8XP3HcS5sslcXV,2lkGoDmT4wCmoWZcD66vYz,11842-2007-02-06T105128Z
365I7dqFZDgpyivfTOr7lX,4gC30oIUdfVRiC2mCGqc7j,11843-2007-02-06T105801Z
3q614tKDZ8SsDemXDpyYXw,2HWc88vYZyBP1GJXn91gdu,11841-2007-02-06T104634Z
nhfq5d13fYtm6whCLgLyS,1ZefCTMmbQnEE5xB4bFtxc,11285-2006-10-31T221535Z
1OH9IeTk3m7ivjab5pXcZV,5Jl9VmJABXUO0Oddp1Drof,11547-2006-12-11T023307Z
3A9wyN3r9zCWVC9o16kWN8,38WkPWZ1pJDKayHOmgkdaP,11699-2007-01-19T011007Z
47MxIvLaeuMltV2vN9DzSY,45CthNNwkP9TQC5rZk2CK7,11706-2007-01-21T023613Z
5GhagHoTdAFz7dbJa4O0Yu,1qUHLAf09pblPSa0uXnoQ3,11766-2007-01-30T031458Z
5HM8RGMTO5e67IBpQtDMe0,4Wl8tMOARvSBQn2wltG6zM,11770-2007-01-31T214742Z
5bdWVc0HgxuAwBkpdb5KqZ,1Stgq97DL0O6yJy1M9mNbY,11797-2007-02-01T070920Z
5Gq39AoqwBBxxPGwXWuLEi,DVibr0alWG30ruyQDSb31,11840-2007-02-06T035235Z
6fpplQML1Gr1aAqfpVvtZ6,2ug5N5bQO2AUJ6y4TGZ1Mn,12188-2007-02-27T011009Z
6fpplQML1Gr1aAqfpVvtZ6,4vLsBFJZ2xwwJ6mgiamxhS,12189-2007-02-27T020007Z
3QlRbLPuyNflKzcK6gGhD3,5TqEakhSkpdgFDNJk5Dme4,12504-2007-03-04T192006Z
1ibrpQ5gcGDe58akj3zpA8,3nRebimrK3msqBaV4hMyxT,12639-2007-03-08T021138Z
335yCKDdzsbJcMEd692FIP,2Sn1ccOLDd0dmfhRsphacS,9171-2006-09-03T223322Z
335yCKDdzsbJcMEd692FIP,2s30UUAIWsotUb0NV6rzyN,10851-2006-10-10T202631Z
335yCKDdzsbJcMEd692FIP,6mOGJ3NkDfXsW44l4SpKCQ,10873-2006-10-11T214656Z
335yCKDdzsbJcMEd692FIP,3JydH58Fap40BFIuahpzBZ,10917-2006-10-15T210332Z
335yCKDdzsbJcMEd692FIP,5QpEudUF5VG80bTec8vt4y,11011-2006-10-19T005321Z
335yCKDdzsbJcMEd692FIP,7p1t5eaEKukVSYqIIjzjsC,11155-2006-10-23T212248Z
69XjNEBa8TiVcePTNKp983,7K5lIZ03SeiLfQdo46RHGb,11216-2006-10-25T233627Z
335yCKDdzsbJcMEd692FIP,1hKwcLzfnpK9qDjWPswV0g,11235-2006-10-26T060429Z
335yCKDdzsbJcMEd692FIP,1X5nUgo0hJwOCIcSHssQ5k,11255-2006-10-29T204722Z
1smEeYzdvDCNLyvgBftHLP,6DzDa9wGK5nSX5SC6rwKQ2,11265-2006-10-31T001039Z
335yCKDdzsbJcMEd692FIP,2Sn14hiTJkWGi6zQcGyFeq,11289-2006-11-01T210838Z
335yCKDdzsbJcMEd692FIP,HMDTVLvcL65ZNmfMfI86T,11309-2006-11-05T204745Z
7dgeMj9zjB1nYZAa0zsIxV,1gVnNvpnOKQYVSwmgz70x,11320-2006-11-07T180647Z
335yCKDdzsbJcMEd692FIP,6hsEzmf3I5vTuwDdl0Oh2R,11336-2006-11-08T235002Z
2g93lnaJm4nOok62zLuA9t,6T9TfDumigW3LiVtWyaUOO,11350-2006-11-11T221241Z
335yCKDdzsbJcMEd692FIP,cPV74VAI59oA1ihqZ5wb0,11357-2006-11-12T234621Z
335yCKDdzsbJcMEd692FIP,1B9Gp1QnYsvDdGSvk5WcLe,11374-2006-11-15T223226Z
335yCKDdzsbJcMEd692FIP,4xpSeRunMHYPwq9hNFbavu,11412-2006-11-20T020332Z
335yCKDdzsbJcMEd692FIP,674dsOM6nwiF9hapnU76oO,11444-2006-11-22T234221Z
335yCKDdzsbJcMEd692FIP,5GYuseq8YdZn8dVPTqG7DQ,11463-2006-11-26T213048Z
335yCKDdzsbJcMEd692FIP,1z3s5KyuqQNRvPTFsQntZX,11480-2006-11-29T233851Z
335yCKDdzsbJcMEd692FIP,6f7x5typcyZMIOHPqWRUYn,11491-2006-12-03T220948Z
335yCKDdzsbJcMEd692FIP,439aOlIGI2aW8yKuuboXPO,11522-2006-12-06T223524Z
335yCKDdzsbJcMEd692FIP,4sblhwdkT8XyXf2lJFY8aN,11546-2006-12-10T222309Z
jlir6YCf0L9KV5dNypkw4,2RlM7ewWOXP4tTAnFJQKdo,11571-2006-12-14T005449Z
3k04IhnwZ1FhDnfew1Erim,1U5bMdkLJAgolzn7D0XQq5,11572-2006-12-14T024114Z
335yCKDdzsbJcMEd692FIP,3i47EY7SjoMijehARLDepy,11578-2006-12-14T195420Z
335yCKDdzsbJcMEd692FIP,6OjpHzTtgBfQf4Rui9ZqVG,11593-2006-12-18T054037Z
2ZcyMdDPVS3oePJV3PyBX3,2gMH9YiBiVp4u1H5k79AU6,11596-2006-12-20T033827Z
335yCKDdzsbJcMEd692FIP,1zpoYxaVkuGpJsr2x3R2en,11664-2007-01-14T233840Z
335yCKDdzsbJcMEd692FIP,601XXS281OUAMW3psm0oeS,11686-2007-01-17T220711Z
25gbbGQRYlVUWHd32nlZhC,7H6ftEkfYB9UrYdNrEeu74,11695-2007-01-18T203626Z
25gbbGQRYlVUWHd32nlZhC,1jFxmV2KRBlU5OUm4snbGo,11701-2007-01-19T015413Z
335yCKDdzsbJcMEd692FIP,DS7LoJI2e1KBA5AfrOlYC,11711-2007-01-21T224929Z
532FGmwA8dh9xHnQZy1ibP,5dJPD8Tv09iFWSWeCxkSNi,11724-2007-01-23T020847Z
335yCKDdzsbJcMEd692FIP,4Y41U44AuH7AHXrp0ZL8HD,11740-2007-01-24T213639Z
335yCKDdzsbJcMEd692FIP,2z3jx4KBHkJHsB75RTcPil,11752-2007-01-28T213403Z
335yCKDdzsbJcMEd692FIP,3lZIMQ7lHJQlHu5ZyykHcb,11772-2007-01-31T225530Z
335yCKDdzsbJcMEd692FIP,1kazFFY1Rjz7SAa6Ggv0vE,11831-2007-02-05T010022Z
335yCKDdzsbJcMEd692FIP,7DCFG6cOmMkwadr30A5EOI,11862-2007-02-07T230847Z
335yCKDdzsbJcMEd692FIP,5CbE7AkWYxt26TJB5dUN07,11980-2007-02-11T232149Z
rje3HizjoAhO0jyTLYnoq,1JgMI3oGJc1OsvMqmjjSbY,12046-2007-02-14T020507Z
335yCKDdzsbJcMEd692FIP,4m2u70vAmWzyHXutjLg0Mo,12056-2007-02-14T224058Z
1KhlSZzATXONaqaH3KXjo5,6vYfbNAMSX0Lnxsc5daIqM,12085-2007-02-18T184003Z
335yCKDdzsbJcMEd692FIP,3N3nKmyYaLu6vWJdINASvQ,12093-2007-02-18T213610Z
335yCKDdzsbJcMEd692FIP,1ZOcSrcDF5vHIqytoU85hy,12123-2007-02-21T053653Z
335yCKDdzsbJcMEd692FIP,2TzVoNWFpIAzkNLY25z0Yr,12165-2007-02-25T230344Z
2VUSu3M0RbWSYfR09CUNFS,4dKX9jBFx6DWLBvByCV0iE,12171-2007-02-26T015721Z
yRbqgyY6heRidRA6B0bv6,7GUfACcg9SZWfwSAui4tQL,12172-2007-02-26T020404Z
yRbqgyY6heRidRA6B0bv6,NQlHIB6EKfjUXowXuGixO,12173-2007-02-26T021550Z,12174-2007-02-26T021557Z,12175-2007-02-26T021601Z
335yCKDdzsbJcMEd692FIP,4xdvio6M5IKhIYSCfS7rE7,12436-2007-03-01T005124Z
yRbqgyY6heRidRA6B0bv6,3xRYZ4YQaXyBe8SFMFibqT,12456-2007-03-01T214719Z
5hbfpB0VaNrR9NYN9btLzb,1gYUhXeEeUcTOk0gWmQN4O,12524-2007-03-05T031513Z
45rkB8OQYnzlkIYzzN9mOt,1mU8YUEl0jBGJ35wL3zkRg,12599-2007-03-06T223614Z
3pwkV1U9HzdDPdDI8AOj26,VB8VQjgYHcvVUf1BUs9ps,12634-2007-03-07T231624Z
3pwkV1U9HzdDPdDI8AOj26,1ZcYAt5EntzZ6qGnIq0VuR,12856-2007-03-11T234427Z
3pwkV1U9HzdDPdDI8AOj26,6zbZZoTWbcXrv3Yex7Fa3Q,13158-2007-03-15T002048Z
76DqYonBIVC9jyfol7ATID,15ZvSnL9eOdVquZ5JMX8aa,13228-2007-03-16T033150Z
3hH4iUoa3CZVZ89HRuDgl4,2PW4x4U1vy6jOD299emeut,10973-2006-10-17T061908Z
6ZucchAAw9xQDkwK6cUvU,61PxV69oeVggL9oPyVyO3e,11303-2006-11-05T072119Z
1NIuprCLEDjP8NPMzJUm8s,3ms5SJcsEQTzta0AwBqBNI,11427-2006-11-21T084724Z
79DnQpr8NQuSXcwwr0NzqN,43PQ1d6zdIxTXF4a1rzySk,11474-2006-11-28T023218Z
1HxuJvr2YUrrZMxrSNi9XQ,4qcJN8GSOvp8s7IHOiVRdn,11542-2006-12-09T044809Z,11543-2006-12-09T044833Z
21CuFZnAaonCV6n1yLoYA8,48GISb8y4rV2zlTSodAa4d,12157-2007-02-25T044755Z,12158-2007-02-25T044803Z,12159-2007-02-25T044803Z
7hBeU0l2uscINOiR0poxC6,5UXH4nywbFJlDvFaycgQcV,8903-2006-08-30T041926Z
2OxjgrV5sHUIgVbGyW2S8D,6cElUa7zFvI8bqlLHcPJqu,8808-2006-08-29T082431Z
4T4zDcEj2vNw1OgDStr0qc,4rfYfoEI2LFBYdAqUZFSqh,8845-2006-08-29T104132Z
6h4JTFAQWcII74IJ3wo8b2,27HSCara7snkabmlxyNIAs,11305-2006-11-05T072151Z
4H2xQmQRkomPWI8yYNgLwC,6UwWJC1W96ixNl96fwcXop,11428-2006-11-21T203815Z
4H2xQmQRkomPWI8yYNgLwC,nhHBKTNDQjalKzZ0xPltn,11438-2006-11-22T063849Z
6iUzQ0U4PIcoFYuA9fD50N,c3PHxgoDp1xhAYFdKAosg,12060-2007-02-15T034757Z
4QSNTv9WE6G75sQ8wVSsX,5YpWQICzJ1JyAhPeXBLrPB,12160-2007-02-25T074857Z
1oFUi7Re2zZuC2u4Q2B0sY,6h1buEfQvhNPWSf2JL88Mu,12763-2007-03-09T093120Z
7xBrww4eDtNISz6ZwcOvox,3Rx6V9VmUE3B1TZ538UiGe,12874-2007-03-12T010853Z
6wTHsC3j91b2LDdAazJLs2,6UxjP3Ip8kXqHBo8KV6LAM,12876-2007-03-12T021619Z
1Thg6FRYg86lkuavwlszk2,2jIGfJqJ7hzVm14GBYvEjJ,11151-2006-10-23T210004Z
3AyjvWjniDUBU0fspG8tWe,1n6GESRNvor6TgsEReYuBX,11293-2006-11-02T011916Z
3AyjvWjniDUBU0fspG8tWe,4e5yh0vYkzzi8n5KOYQUM7,11294-2006-11-02T021241Z
6sgBA7s7EEIS6DrTVTotbI,7zyhkkzjD06NmVrNfgu9Xb,11297-2006-11-02T222238Z
1gMpNEJpoyYy0UAahZ7Glu,2RwV7Z8pTSrZnPU2ulIJpy,11372-2006-11-15T054137Z
6ROmJkLMW50x3rgJQMeQx8,5FWdxMDMhGui7nf2LQtEgt,11570-2006-12-14T003621Z
5MApj02XuRLsPukkYmTNdX,2TAc7915ZiYkPAyJ1nVq6x,10749-2006-10-03T223013Z
1igps8lRk2CGwhFgunG1Qd,6FiPhEh4LyaoBDPgUdAAIK,11520-2006-12-06T200521Z
MmX3O8jHh2nRPXthHLv3Q,1p7wgM8MRtsfknDjiOIJBI,11714-2007-01-22T043517Z,11715-2007-01-22T043520Z
1igps8lRk2CGwhFgunG1Qd,68fRg0aSGPPkMBtTvQxbu3,12045-2007-02-14T014711Z
1igps8lRk2CGwhFgunG1Qd,4vzdmGTJ8JxzVXo7LvGrM2,12528-2007-03-05T063112Z,12529-2007-03-05T063113Z
4P82tWW2tsrV1oSkLXUcbr,5FWmOrMkkhi8uR7LZ3XtMA,12612-2007-03-07T040530Z
4P82tWW2tsrV1oSkLXUcbr,6dGD9Nw5CBPo99xqoITnJs,12623-2007-03-07T071923Z
3BXd1vTHA2zaA8SGt5hNC5,4ywcQAzq3gLQ4W8PLwcF8I,13154-2007-03-14T221251Z
66eyk9PudmjA2PogfaFWHS,3J8Nphrqhr3SpVrftT62BZ,13166-2007-03-15T014228Z
66eyk9PudmjA2PogfaFWHS,8SH01GS4AS4CapoxPtmWy,13190-2007-03-15T041046Z
3UvVOfqqTHdFd030o6mQnZ,6xkUdZFcLATWvWCGxEB600,13195-2007-03-15T051509Z
5xYGwwEGPrUBF7B94uMMHT,5XUZVF4h8ACFDIdnDki7Al,13234-2007-03-16T044332Z
5GpnsNL506eIsfUUTIyOcx,7Lg5aP8lW1cXjlb9BVwKUp,13235-2007-03-16T044349Z
4QtDDPBtiO9XpLaAVhjWdO,6sWJU6knW4gfZJYpZnIb6P,11272-2006-10-31T060201Z
4QtDDPBtiO9XpLaAVhjWdO,5TmK9sUxgh1M1ku4wdZ1bv,11273-2006-10-31T060603Z
4QtDDPBtiO9XpLaAVhjWdO,5sPmyIn7BwDfXEzjYCgyve,11456-2006-11-24T030006Z
4QtDDPBtiO9XpLaAVhjWdO,3trwmahU9LOOwzqtm7OFtO,11468-2006-11-27T080336Z
flnKlRibqopPFo4yLZCbS,4aIP7NUzRRZI36DCcpxxqf,13075-2007-03-13T221431Z
3uXBubBTyC1OQSCNIzXSxc,52IwkLVnVFZCaS6ZBuwrWT,12119-2007-02-20T224950Z
4aWx3om2AUjqq4YzHpjgkk,6GmyAaBasZzzy4fXRe5VVb,11764-2007-01-29T223030Z
7BdKTAMWJh29MTxPgx8iul,142MaKWHJ8tEUFZlqWCccS,10798-2006-10-06T053937Z
7BdKTAMWJh29MTxPgx8iul,4kxmlkTiLdKzFjN8z5jcBh,10832-2006-10-09T015427Z
72n83IyqMBwGwbxI4mCn68,ZDeQJieMjyMMVDT6lvA4N,11388-2006-11-17T183924Z
3HWhCg3EfaMtCQmPJhPzaw,5gjIbo7tdtBjGYco7XxKxl,8886-2006-08-29T234858Z
Kqzz70f3nXcX1C3nqAulB,5cS06lfTOP2WStWFV7iUOV,11300-2006-11-03T204444Z
2uYnS4OchMTfl1gzVPaBG3,7ftaQ3bjTOzQ4NBSikny1a,12037-2007-02-13T132522Z,12038-2007-02-13T132525Z,12039-2007-02-13T132525Z,12040-2007-02-13T132525Z,12041-2007-02-13T132528Z
1A5MLmivJnNATXs2ccxMZ3,2NBZxAtXYTrgT5hyqGzEDW,12176-2007-02-26T035526Z
2DLfcKqDPbtHudJL7x3csf,5vaTf5hF6BAEANaTeLGxbv,12183-2007-02-26T210251Z
7qz62NIQbD22mMQcfjNXXL,29GXjZlCqf9RlkV0GL1TjZ,12462-2007-03-02T002649Z
2TmkwoaieZtPnGlJdICFKu,3reGKRSKZsU5gL57mvcrIm,12463-2007-03-02T002828Z
4EYdsWD9QOYC1esNQu9BCz,1U8uNSext8uFRiEs9biEW7,12464-2007-03-02T002925Z
2H45XroAAEhUESx65g5EAM,5yeag9kHHAUM5ovHlkmy5b,12465-2007-03-02T003156Z
6HDbQnr2aAhIvoXNgrNjdb,KfGeS4uH1eYbliVSdbd1Z,12466-2007-03-02T003237Z
7t6AiTIdP9XkBRddt8AYwT,5avlKFn0tK8ggxNvf8xtFV,12468-2007-03-02T003638Z
wDNhXxlxTyOHBpi2XUxCn,2hcMWmKQoSVG1ERcchDWWL,12469-2007-03-02T003917Z
4W4okeLbph5VzqNUjEuDzv,1qqgE9seCSNpHfzn4bSHK5,12470-2007-03-02T004607Z
1dSbgIHhfTgbyTp9DmJmSc,4B3PNnvTvLsLD9DjmI6yDl,12471-2007-03-02T005024Z,12472-2007-03-02T005034Z
eUkfOXK5XdAzDd2zk9yJE,6cVDomcJaX5u4r7PvpQwJc,12546-2007-03-06T003122Z
EDBmy3eXfEA6FI1QIOYhI,5BTV5Bleoz6Uimhwu5rH2c,12547-2007-03-06T003151Z
4BREgFXLSkkhaLWm5Y1f0l,5ybVbW4Q1l7ctiQkF7RF3H,12548-2007-03-06T003251Z
64Q9kRBFOsfEyvYrPF2jpD,6stEDVFc2Mfy4TLKjY2CiI,12549-2007-03-06T003328Z
64Q9kRBFOsfEyvYrPF2jpD,6stEDVFc2Mfy4TLKjY2CiI,12551-2007-03-06T003401Z
62CbO6mBsaUxxOqZThYx2U,26A7fRoTpBxQmITp6oDfe3,12552-2007-03-06T003840Z
2YJsqCLSPQJA5IDkqepHb9,3EoYcsJiXsQAAgKIM4xePU,12608-2007-03-07T015224Z
2PtNfnL6is94EenAUiCToc,3R4pahyjkcsStaC7j3dFWg,12666-2007-03-08T222018Z
4pII51cyOmgbTxqmeGjdVB,3qdX8ZrtTH0g2uasUDBR4B,12667-2007-03-08T222613Z,12668-2007-03-08T222615Z,12669-2007-03-08T222615Z,12670-2007-03-08T222619Z,12671-2007-03-08T222625Z
hCaTjEtw9XzMy36hwLbn4,1FKZJEjYTzS279eGhP1Qdb,12673-2007-03-08T222708Z
6HqMvwvtomDlAsJQ8xW9Q5,2WEDd0hfLzJP6qGe7LQ0s0,12674-2007-03-08T222902Z
6sorvQ6QdQhyLXBKoUax4K,2tmXVhVj432VMJtnzC1yzL,12675-2007-03-08T222914Z
4pII51cyOmgbTxqmeGjdVB,3qdX8ZrtTH0g2uasUDBR4B,12676-2007-03-08T223015Z,12677-2007-03-08T223016Z,12678-2007-03-08T223017Z,12679-2007-03-08T223019Z,12680-2007-03-08T223020Z
2Ip79kGRGT9h7aM3EY8Omt,S0kavjHrFY8jCL9dt08fT,12686-2007-03-08T223118Z,12687-2007-03-08T223120Z,12688-2007-03-08T223122Z,12689-2007-03-08T223124Z,12690-2007-03-08T223126Z
2vtWx29gJDSfdChxd5673G,4cvKPAUYoGOzYaLDmSGdfN,12691-2007-03-08T223357Z
oN4iPx4JFIL5vEVCoC5Cm,73hiHj4p5iY7HY0jbUKf9D,12692-2007-03-08T223528Z
4pII51cyOmgbTxqmeGjdVB,3qdX8ZrtTH0g2uasUDBR4B,12700-2007-03-08T223746Z,12701-2007-03-08T223748Z,12702-2007-03-08T223748Z,12703-2007-03-08T223751Z,12704-2007-03-08T223752Z
2Ip79kGRGT9h7aM3EY8Omt,S0kavjHrFY8jCL9dt08fT,12706-2007-03-08T224554Z,12707-2007-03-08T224600Z,12708-2007-03-08T224602Z,12709-2007-03-08T224607Z,12710-2007-03-08T224611Z
4pII51cyOmgbTxqmeGjdVB,3qdX8ZrtTH0g2uasUDBR4B,12712-2007-03-08T225154Z,12713-2007-03-08T225154Z,12714-2007-03-08T225155Z,12715-2007-03-08T225156Z,12716-2007-03-08T225157Z
l6bBvGnuiFnVVdB80U4qd,7ohL4K5Px6EYaUsKjNgBPB,12717-2007-03-08T230021Z
2Ip79kGRGT9h7aM3EY8Omt,S0kavjHrFY8jCL9dt08fT,12719-2007-03-08T230532Z,12720-2007-03-08T230534Z,12721-2007-03-08T230534Z,12722-2007-03-08T230539Z,12723-2007-03-08T230541Z
4pII51cyOmgbTxqmeGjdVB,3qdX8ZrtTH0g2uasUDBR4B,12724-2007-03-08T231950Z,12725-2007-03-08T231951Z,12726-2007-03-08T231951Z,12727-2007-03-08T231953Z,12728-2007-03-08T231956Z
l6bBvGnuiFnVVdB80U4qd,7ohL4K5Px6EYaUsKjNgBPB,12730-2007-03-08T233221Z
2Ip79kGRGT9h7aM3EY8Omt,S0kavjHrFY8jCL9dt08fT,12732-2007-03-08T234434Z,12733-2007-03-08T234436Z,12734-2007-03-08T234438Z,12735-2007-03-08T234441Z,12736-2007-03-08T234443Z
76j0n91hgmmeXuhC2ehV9i,64yZJXIXugzJhZdL8pkEAB,12738-2007-03-09T001427Z
4pII51cyOmgbTxqmeGjdVB,3qdX8ZrtTH0g2uasUDBR4B,12739-2007-03-09T001544Z,12740-2007-03-09T001545Z,12741-2007-03-09T001545Z,12742-2007-03-09T001547Z,12743-2007-03-09T001548Z
l6bBvGnuiFnVVdB80U4qd,7ohL4K5Px6EYaUsKjNgBPB,12745-2007-03-09T003632Z
28Y1WzDFnQsQPEkPo8KqnM,5kUHM2pElop6vKAH6oUamR,12900-2007-03-12T082139Z,12901-2007-03-12T082140Z,12902-2007-03-12T082142Z
6WNkssJj75tLqnWQr5KQhy,4Bh1uASgdv0iS3hVl0JMIP,13076-2007-03-13T221634Z
5qWUdQ4zq6m5A5oJOyZBY6,2MyfytImoM2zvjSQv8dCE1,13077-2007-03-13T221927Z,13078-2007-03-13T221927Z
sx9FmiEVDUPfqrslGG7rs,28a7ndB3iIz45KhzLabPRs,13079-2007-03-13T222319Z,13080-2007-03-13T222320Z,13081-2007-03-13T222323Z
42kRSIiM6YM9F7dHr5DkS3,5zSWYUp9wSj2aHlrTgaIg4,13156-2007-03-15T000035Z
3HnAt4n458A4V5u8jCEPo9,6gq6d2JdWvQwI7TO1s5nqU,9019-2006-08-31T023114Z
5dLfudH7iChnXXOVtLaU3U,TYkeCSE9BkP05xxPznw6H,9819-2006-09-14T205211Z
5dLfudH7iChnXXOVtLaU3U,6ILE2NxRFFj5sZrxDX1N90,9849-2006-09-15T205609Z
6uMWwtGeO4t9xjuxyETTE4,2rYz7NMEHAOfBAnKTBNaXF,10748-2006-10-03T210747Z
42XWK8xKrdeWo3eIYAJ2vh,4yui9Jed1pyUSS0g8Hq94m,11233-2006-10-26T045426Z
42XWK8xKrdeWo3eIYAJ2vh,2P6VMgMwEoWP0T4lHdy1Er,11240-2006-10-26T202321Z
3UvZ1UTEDMJLfOku4x4hai,q3b0sXnFRHSfAvjaNnPFt,11331-2006-11-08T220633Z
5ZRbEnex7Yql7jvHdXK2KG,5Znf4iZQDbx1kUzqoYQd4Z,11436-2006-11-22T052023Z
1U4sGh1kUrSUUkf6qwllze,5g1I87zbHprlCeo2AVb8ey,11507-2006-12-05T024219Z
1U4sGh1kUrSUUkf6qwllze,6awkIJddgy6xfW7Vy9fdYO,11514-2006-12-06T022204Z
7xa6g7QVr2KE0lEEET6l9M,JNbl4Lk6TEqhNVWQWegrZ,11582-2006-12-15T023459Z
7xa6g7QVr2KE0lEEET6l9M,6hF0fQQX99R9IlPclJNCj9,11619-2007-01-05T004019Z,11620-2007-01-05T004020Z,11621-2007-01-05T004028Z
7xa6g7QVr2KE0lEEET6l9M,5vWbJmv6FAWdYgBA4CAL7T,11637-2007-01-11T032722Z,11638-2007-01-11T032724Z,11639-2007-01-11T032732Z
3TAqlmCmgxln8bAGOFUMgb,4UWfq8DtLIROLqUyLfGxbD,11679-2007-01-17T025912Z
609mG5C6YxaVhSi2y1oeSE,3iMTGkHMB0aUdDDfB8TTXx,11823-2007-02-02T031855Z,11824-2007-02-02T031855Z
nb6gJQsfdXsXnWroPerE,6MyMJcGixrxuNtKpauO3o4,12317-2007-02-28T035912Z
3rUivpGqHCKse36wINcZij,G866OcAVRbBF11w4iNQrC,12427-2007-02-28T222235Z
nb6gJQsfdXsXnWroPerE,7p95Bdovw6zkychIIzQZLk,12438-2007-03-01T011201Z
nb6gJQsfdXsXnWroPerE,3jCnESYfcSt25R6YgcqHJJ,12439-2007-03-01T011345Z
nb6gJQsfdXsXnWroPerE,7bTEKqYoWLlMAQQfL1hJVm,12444-2007-03-01T030836Z,12445-2007-03-01T030841Z
BsiWOmltTlwqbvSqH1PQA,2cJbDebzK6LThZWAC2NtaG,9940-2006-09-19T023032Z
r0OJzsKcUQgKYc4PkZPXo,7ynLmTCe0JSXpJFe8j2qrS,11298-2006-11-03T014451Z,11299-2006-11-03T014506Z
r0OJzsKcUQgKYc4PkZPXo,6cuiCThnvvgCSUMVDG7pkT,11380-2006-11-16T035705Z
5xrpC61JZhjlQhCXYzOpMg,7w1y1ABpIzyH9Yx8S9z56k,11381-2006-11-16T041619Z
5xrpC61JZhjlQhCXYzOpMg,3AonLAV7Tz56s6GWqCHc5r,11415-2006-11-20T210551Z
5IPndBdF1oGlcbJHgN4ixl,6JlqCF9VfEmJijUe4oXgtW,11437-2006-11-22T063413Z
2l9VDvy1B07I1YRQu29YTE,prCICGqhY7dfwEdsVAmn0,11447-2006-11-23T015605Z
r0OJzsKcUQgKYc4PkZPXo,6PqqNkU4ABnz6nA6JAdg0t,11448-2006-11-23T044808Z
r0OJzsKcUQgKYc4PkZPXo,2hOZKa1n6xnSvAv7EMN8cL,11449-2006-11-23T050210Z
3tbkckCuIUYRNss8vGH3qa,33Y2RZWiyIHbhRNCnQgGOt,11632-2007-01-09T235845Z
7kpJ0awdtaKB3FzbWrvjz6,4tqKJsxKrIcOT1wF1xAeAo,12109-2007-02-20T031404Z
RgmYFPzDE3QJwvAsUc22H,7Eh6GrilDht303TT3BEfpG,12185-2007-02-26T213406Z,12186-2007-02-26T213410Z
1BiSmGIl0iB9orwr9ptq2Z,2KgpnZunnIoOO1zAsyqCs0,11454-2006-11-24T021534Z,11455-2006-11-24T021538Z
C2YjTaFgfzjIP4Xae7hxA,1vJ5RLauEml6qr59LWm36D,11745-2007-01-25T201244Z
5wiFhgd5IQyO1mAC0G52la,102rMbKbqkf5AFwhG9wt6N,11156-2006-10-23T215314Z
1Cw9kfrd4wIzHjo5r1GIqp,3obQwsRPI1rgkkvTprAg0I,11247-2006-10-27T004714Z
1Cw9kfrd4wIzHjo5r1GIqp,6ht7YD40PE806BX4ymM7q9,11274-2006-10-31T082550Z
1Cw9kfrd4wIzHjo5r1GIqp,67eh7yKCZeVIih14YrACV6,11275-2006-10-31T084309Z
1Cw9kfrd4wIzHjo5r1GIqp,2JrgHdRpVsgb4CHjAiJbfr,11276-2006-10-31T085930Z
1Cw9kfrd4wIzHjo5r1GIqp,6ljVEb6mPgEknzA4HwPE4K,11279-2006-10-31T091705Z
5jz8v6n4v5gSgJyZUlWT9J,5NdubBWKRcJE01WWxedIcC,11319-2006-11-07T033739Z
4pjkKu8TyW1o3LsYEad2kU,4DmyFquLfmV8zrZEKCl0qg,11329-2006-11-08T212656Z,11330-2006-11-08T212700Z
59YSmCIpk42kS4BP7CLvUP,2qzzw3RzSwokvu68RAJRl7,11992-2007-02-12T010803Z
1LcqHR6U02FPTGNg7kOs7p,7km13sWdh14EUuVFsWhpmj,12190-2007-02-27T022716Z
1LcqHR6U02FPTGNg7kOs7p,4mzT5qfjdnSZWeVeKsjmZf,12487-2007-03-02T085719Z
3I8uS8cyQ86DBYdG9Xyfmh,201kjQ8NpE7rzV3pbKPrat,9145-2006-09-03T084500Z
1X8suEtnfs2RG28zacTN5S,xhz4uifxDsk3RxoLhNRLM,9350-2006-09-06T040822Z
1CKMgOWTAm8Y0kNao8T0VY,T08EKCIINF8BTkegQx0NB,9942-2006-09-19T043513Z
1CKMgOWTAm8Y0kNao8T0VY,3aADWwKMyds0iVa9VadQ2Y,11769-2007-01-31T004954Z
3WQJEfFjZn4bGIKd51K1dG,2MoX7AnyPyfXReD3fRHEbJ,12316-2007-02-28T032514Z
1WvYfizPeu3hqpvliIKFHk,4nDcMjXcS1lqnVIUk89JN,12566-2007-03-06T045443Z
1WvYfizPeu3hqpvliIKFHk,1UOZYtLkOeF42CKCiJVWOa,12567-2007-03-06T045632Z
1WvYfizPeu3hqpvliIKFHk,4o9bctWbd5aRPbN21YwXWo,12568-2007-03-06T045818Z
1WvYfizPeu3hqpvliIKFHk,75O3x6b7vPzigWZYnRAFCR,12580-2007-03-06T194855Z
1WvYfizPeu3hqpvliIKFHk,VgOe062pZd4zGJeaWcWro,12581-2007-03-06T200449Z
1WvYfizPeu3hqpvliIKFHk,6eLHYsGC8MXPlvo0Pp7qfR,12583-2007-03-06T200703Z
1WvYfizPeu3hqpvliIKFHk,1FM9QpbOqTLplQqbv4ga11,12584-2007-03-06T200914Z
1WvYfizPeu3hqpvliIKFHk,15xi0R3hUw6KXNXwGec660,12585-2007-03-06T201342Z
1WvYfizPeu3hqpvliIKFHk,5lCUCpMAKetL4AovnY9rXx,12586-2007-03-06T201734Z
1WvYfizPeu3hqpvliIKFHk,3Cb7BiOUYrw1Myr0JEXn3y,12587-2007-03-06T202015Z
1WvYfizPeu3hqpvliIKFHk,3ZImBz59Dx4HJ0jmmTu9bS,12588-2007-03-06T210122Z
1WvYfizPeu3hqpvliIKFHk,3zM2OHVMv4MeNsA2rZbxPD,12589-2007-03-06T210640Z
1WvYfizPeu3hqpvliIKFHk,4ATteylMcySioyAuDdhOOU,12590-2007-03-06T210918Z
1WvYfizPeu3hqpvliIKFHk,5cuTH6iEt42CPTquHNjP2v,12591-2007-03-06T211023Z
1WvYfizPeu3hqpvliIKFHk,5U8l2rxvbq7f18afg5BgKn,12592-2007-03-06T211118Z
1WvYfizPeu3hqpvliIKFHk,wC5uobI9YcFHRMsmSZoha,12593-2007-03-06T211444Z
1WvYfizPeu3hqpvliIKFHk,V3VFlSCVDHdgUwMXZc8dm,12594-2007-03-06T212110Z
1WvYfizPeu3hqpvliIKFHk,2vDh88cVTqgnk3mPAiAfn2,12595-2007-03-06T212542Z
4ncqYntfa9wryZIJtJrRv8,5E3FZoknrZGjXhT3NLY7HO,12956-2007-03-12T235910Z
1H08UMKgrbyBrdxbbO4oIN,7L5MZ5Kz5LsO1th5URUzwd,12963-2007-03-13T001317Z
1H08UMKgrbyBrdxbbO4oIN,3f7wzTJMetf9z5NE4E6hki,12964-2007-03-13T001607Z
4PagJJzMyOf80rQdNZoklj,5BZSthKs0BDkJNofXWN0xN,12036-2007-02-13T074520Z
4B700EE0sWNoV6V5a8QXgX,5SqGAReqa5KiXHdYIfv0N5,12788-2007-03-10T234326Z
3T6HugZNI7tCMwxphDiWoN,19LVPkN3ljliNkeL5B9ckd,11338-2006-11-09T043937Z
5SxgJUnqbvbrDAppkVXn9u,5mrvBOmaNZov16oV5G8dSo,11360-2006-11-13T043955Z
13qxfbyBDF20MHN1CUHdXX,7CcYiEILUKaXsRDrK6D21h,10373-2006-09-26T052004Z
2HJlSXIFwrPuDWHuflnXzF,2GZUFqIRiXr5EXQa7ze1rA,9857-2006-09-16T014330Z
4VZE88Jrj91b3vU9hIPZ8R,3xyYiQ0AdoI21i4orufwHJ,9858-2006-09-16T014526Z
4VZE88Jrj91b3vU9hIPZ8R,2F2EBV4F9EXFcvMbbUe0nf,9859-2006-09-16T015044Z
7wfekN8EUSKiss3rRoPoOC,3aidZyg8lYWZPcmvKMbGHW,11677-2007-01-16T233655Z
23J0riFzDaglYqc4LFh8gP,4jcAEXUjQAx1Vwt5ZiqDF6,12001-2007-02-12T053442Z
5PEbFRXwZ2yc6SbtaNBYjt,3807MgZlN4FVRhINBDkgyt,11271-2006-10-31T044747Z
4xwxtCO6fk8VipQvNQrpnc,6Ab0NPzz3AjBvkHzcsTNke,11552-2006-12-12T051942Z
V3YPeNA3KGuzx51GWTpkg,1XDSRCovBj9lK8yE03Q5in,10704-2006-09-29T052356Z
3LG4sGnwEgi2pyn8t2MhLo,6tsWjOpswoD3sSl4dEzDBS,8857-2006-08-29T121126Z
lzWCYU5yshVqj6th5kpZ8,6vocTp0NIYmSS84KB89J6H,12474-2007-03-02T012124Z,12475-2007-03-02T012124Z,12476-2007-03-02T012126Z
lzWCYU5yshVqj6th5kpZ8,1tJkXRHt9lA5lvfLDnaz7o,12492-2007-03-03T200130Z
4E3bbP3pM8Tx3WdIGpw6A1,1fYraJGPAjjaguWsXjGSiy,12575-2007-03-06T162033Z
2Zm9w7PdhYQcAYrm23h1dW,4XnfY55ZTUw3e0Zlqo3KXI,13206-2007-03-15T203417Z
7rz7gEsetO6TviNgnDMwVY,nssgmjOlu387Hr1LOILAh,10786-2006-10-06T023208Z
7rz7gEsetO6TviNgnDMwVY,6SlvZjnTNzkuZMLqT39HaK,10787-2006-10-06T023230Z
7rz7gEsetO6TviNgnDMwVY,6L6ITQbDGsjXg9gU4e0Vq1,10789-2006-10-06T023248Z
7rz7gEsetO6TviNgnDMwVY,MNLBie5UfEG7vPVU2iFZY,10792-2006-10-06T024928Z
7d6CLzoTtMOFl988nt1xOt,3v1Kz4fj9lK4luuKfD7lbm,11344-2006-11-10T014617Z
7d6CLzoTtMOFl988nt1xOt,2O7lMDSN43zPQFaUUYigwA,11345-2006-11-10T014807Z
5D8UpRSwDJIVg8t8vt83n,vLd2ocuB4lQkcNwyx0BPJ,11407-2006-11-20T012234Z
7d6CLzoTtMOFl988nt1xOt,7aOFBb8LGhYMwfIgZ6TQXN,11440-2006-11-22T203214Z
5MsifWtaqKVhwB76BNmmOT,5jffX9X1N96avUGJ19Hbyl,11465-2006-11-27T010132Z,11466-2006-11-27T010138Z
6mpjJ4yJaPLTCKILWeFqI6,2jKArKDLCVPlXghmPzADvy,9158-2006-09-03T113558Z
4Cd1DHqSNyr1BZMOVb3NjE,27kyUZBr3PRuEhOjE9pyDP,10768-2006-10-05T072221Z
7A8jZs5AYovnjL7URzxB79,VfbQ3GUzMKlclzSU4Tr2z,10815-2006-10-08T201733Z
6rWAOLxouszF6H6hTMsvHd,4fJcWy1LlKmvC0jzC9xv16,11366-2006-11-13T165859Z
7MIVRifYcaLwlhK9FY04Sj,1YBZfgRUYiRPEKtL0BvgmX,11369-2006-11-14T224635Z
4zZ3FlkOJpVcIRKgSlHc51,3xMiLlASLIeISKQBtzSRrz,11461-2006-11-26T195224Z
7MIVRifYcaLwlhK9FY04Sj,1o8um8nNnOOaIFaRDVZlu4,11482-2006-11-30T194930Z
4WDz9U4n3qv9SdfHtcGldX,5JcZsDNR4dh6qvfNmmWEd1,11488-2006-12-03T031033Z
3TYThBt3XosQ9gAcrpH7JS,4YCe8df2QlWdPExlZX4que,11611-2006-12-23T002115Z
BKyNjLw1b1MgBzwbvMpqg,31AeI0w1lbmf8DYFjjl1xD,11644-2007-01-11T181850Z,11645-2007-01-11T181855Z
6IwJQVYwBF3TxhckDGqPDD,1RRhMB8vW4v9mlC0Iu1z2x,11658-2007-01-14T193255Z
1jaAuSgCadWBHjeMhMNIN3,4BYHllOYRcnhHnFUxHvaOU,11853-2007-02-07T142152Z
YytxUhck43AgCH7tjXcGn,869m1El5iCQoxlIdn9QV,12078-2007-02-17T075718Z
YytxUhck43AgCH7tjXcGn,4dUbgjnE5Z0E8BU4okYbAU,12081-2007-02-17T191320Z
2gHQToWmKsfpt9iyqH9ycu,37ChLYYdTbq3q28IsxcqyP,12120-2007-02-21T025835Z
6h0RfjHzvgjXIzLuMWtWMz,4MTnZ7PJAvCu4xpz9BTiYL,12121-2007-02-21T025855Z
YytxUhck43AgCH7tjXcGn,3TZ0gPvMr6vim8VJhViAC6,12153-2007-02-23T025310Z
30hRvPysWkNR6OT4Xgvtlt,1LCrWsV8bzWg73eV7JLvqM,12559-2007-03-06T030145Z
64Zxb7Y0qi7D2hhbfrJtBg,4QnGykDPK5iCOUhFkNtvbN,8442-2006-08-22T040835Z
2IG23xEepdPllWowVkuzYK,6wvsEqHqAxSyYfU6GhUwmr,8451-2006-08-22T043857Z
2IG23xEepdPllWowVkuzYK,1yCna18taLPWN1xZcTYEZS,8665-2006-08-27T232533Z
2IG23xEepdPllWowVkuzYK,66m0RHOMXJpFbB6uRhM3bo,10107-2006-09-22T030156Z
6f3IV6L9Ypkb40ilKPLcNV,2bRI8H2DIkNyy6UFhUp1u9,10272-2006-09-25T012507Z
3IrOYcPtkrhSvTxrv7ht6o,7iPtAvgXufdCURlErAajKv,10590-2006-09-27T230833Z
5BfnTEZM1948fyjit5EPLa,7MVTInbXbD9aYbiwsaYCBp,11386-2006-11-17T040205Z
5BfnTEZM1948fyjit5EPLa,2SsKVvLdb1ZkM13jnmDaPX,11408-2006-11-20T014557Z
6lh8MmftJDwbCRR0XKoovg,6B9HObFQib8Uf85NgjEiBG,11409-2006-11-20T015330Z
4yFJqRWeEBfwVCGRBli9ru,toFUYV8eu4RHZ3OY5zezS,11410-2006-11-20T015603Z
35BxBqszlqbzLvCjQ85KLd,1lCZaGPOMc58WqjV8Giwcr,12879-2007-03-12T032421Z
j5GugaxvWqrnHS8GhWJ8X,1nf3EQTGgZEbkSbSl3B2Fn,12905-2007-03-12T085752Z
4A1a9drIsQ51wQ1PjOt5BX,4NXtPfeRMizH2yjMexzGcC,9848-2006-09-15T132144Z
1fRyIK9KajhxErdGwWj442,6ObH4CmgCN6mKg8ps1YiGY,8452-2006-08-22T053322Z
2LS3snv2ce7dAWXn2nYAMJ,4CXSp3qnfLwGU3FJJis63o,9088-2006-09-01T045734Z
6O6WrAnPjYFFW1IpLbtAPS,3ag8bbSsmFVP4TcERdASQ0,11377-2006-11-16T014511Z
6O6WrAnPjYFFW1IpLbtAPS,1krYb0a2OBWvlVuHaAorOw,11400-2006-11-19T084657Z
1H6wCQ080cMZWHlmQNVgh9,3pegyIomtfhnVIjuxUfDNu,11617-2007-01-02T220943Z
1qdxtFWjoYgnlz4fcJLGZg,4BM3NSrDUQeQqnXBzuMmt8,11653-2007-01-13T080126Z
1H6wCQ080cMZWHlmQNVgh9,7l4D8cu6FF7G15mwUeOhNB,11690-2007-01-18T041556Z
1H6wCQ080cMZWHlmQNVgh9,7KRMYYKlDtm88S7CFYx290,11691-2007-01-18T044556Z
1H6wCQ080cMZWHlmQNVgh9,3199ZNXZwphLTOJ2GS4mWX,11692-2007-01-18T060800Z
5xFpHic8TYuairCRci1KiU,70pF1XxDsK6bxycFsafeZz,11738-2007-01-24T195618Z
5HkSDw8mi4dnNx4JBIxCpg,47IiPFGEE9rizKG5xxTSIM,11783-2007-02-01T025513Z
5HkSDw8mi4dnNx4JBIxCpg,5fqTvpEm39edkphQ4ctR3D,11796-2007-02-01T064339Z
4oNyj4hDBH4HdKMyue7qdV,7h8JEAY4W94nSMw234AsaT,12130-2007-02-22T034116Z
4oNyj4hDBH4HdKMyue7qdV,4roSNwejkaZKIVjmD9cDgL,12133-2007-02-22T042501Z
2JvM0rLkkVvfm8CKLXdmBG,66fzxMQ5MvI31GJX5EROWn,12154-2007-02-23T102639Z
2JvM0rLkkVvfm8CKLXdmBG,3vLx57QmK3dQwVIwccAf5F,12156-2007-02-23T212112Z
2JvM0rLkkVvfm8CKLXdmBG,39Kgj1GYTS0t4xFXoilwS8,12168-2007-02-25T235459Z
5fbfTcaw1saXHeE50IPHVW,1VggtOQNLkFEVMXzbOSTYD,11200-2006-10-25T032943Z
3W3PNsLExww8lGUj5fQS4m,ZHgdp7mhoa5G0YIYPGHMf,11558-2006-12-13T050114Z
1a0xeY8zoV0j0vVTBjOusT,1WDALmNkRVrwW123pI1hIJ,8626-2006-08-27T045653Z
1a0xeY8zoV0j0vVTBjOusT,6bgsjdduQE7RdjgrduKQZf,8757-2006-08-28T233329Z
4hxda73nULOwBqTZJyv0HK,7t8RHfxwb1nRDsWnqjj6FU,10889-2006-10-13T011528Z
1a0xeY8zoV0j0vVTBjOusT,28yLM6LeehoS9xo3OmZEqV,11328-2006-11-08T085658Z
1a0xeY8zoV0j0vVTBjOusT,6QjwxhvrhdR9sBN4kq8p51,11333-2006-11-08T225552Z
1a0xeY8zoV0j0vVTBjOusT,Kj2rtugyM2qn5uIo4rlLF,11334-2006-11-08T233054Z
1a0xeY8zoV0j0vVTBjOusT,3GdCu2QKJhP63dB3RjXJWP,11347-2006-11-10T044006Z
5gfYx4BgJob0djuuP9M0uF,5DdiIUbMZO1UvyAudgw96f,11376-2006-11-16T005243Z
4cu7HHBSAE5UfuxOaXlxq9,Jxu9bLmN0Qo6DV0dRz8eo,11382-2006-11-16T050219Z
2xqJgszAaJm1dCGvWL46xQ,wNJtYWKdAPI1k9Ebj1k2O,11629-2007-01-09T063916Z
2uO9hJvHegnw2uzt3DklDk,4sIlGAJ1hEjHNOz81aRHHb,9512-2006-09-08T044603Z
31JkSWoYBUHcACrLN7OXJX,2359J87Jt2kfXzzMEefZ3J,9709-2006-09-12T192942Z
6Xp2azKbtkF4QbQmfRhdzy,QdHuA4bRkwaC6tCq2Zosd,9711-2006-09-12T193621Z
7FLUuJ4ZbWXKS0pPsu8fBl,2TXNAgYY4zT0o5MJyeqlEf,10759-2006-10-04T191514Z
29VyK7iBTgpz8lAnA5XinS,6kYtggEbpOKiUMVBlLUCQp,11423-2006-11-21T072135Z
NpljOm4V324AoHST9EcBq,4zDsSnCiGhbvwDCjndbSnL,12182-2007-02-26T092256Z
NpljOm4V324AoHST9EcBq,fRxsjV6DoHK9EXrhFWlHc,12187-2007-02-26T223742Z
xXyCX3uLH0bpTXpWEmAe5,3tzNBpeZ9ySdfj0Pgzl0b2,11063-2006-10-20T034311Z
xXyCX3uLH0bpTXpWEmAe5,18SrV7K6bdQ6FAHNPCiuwZ,11069-2006-10-20T054022Z
bsnlQYJ4utgcJQjbotCGk,xDDZcsGSADgWmu6TM8BYG,11267-2006-10-31T035932Z,11268-2006-10-31T035936Z
bsnlQYJ4utgcJQjbotCGk,2RdHGDNNkFD0DEPcKfPacS,11270-2006-10-31T042438Z
1V4d9a6QzWg51h5mfHT3Aw,4fqwMb7GLH2d5Sgp9WcEJ8,11287-2006-11-01T021306Z
2eEyxRNJmvkgo56uVk7S28,5yCoixwaRixS4IdBz2FJyF,11378-2006-11-16T022934Z
2eEyxRNJmvkgo56uVk7S28,11znuvUrjNpjGDeODRgxNS,11379-2006-11-16T023943Z
SgqS0bSVbQSMiSZ2Gieoo,4GSwCZsnJNtdTm18yFgDAH,12773-2007-03-09T234626Z
5vlPJ4IX4MxQ6uFZG99w8Y,6mrk5DqDHddk5KUZ0Q1roF,12866-2007-03-12T004549Z
3hhNH6TrzIgIz4rFhr73Zd,5CQmHvnnpuPLGY6g7bFiYs,13038-2007-03-13T072916Z
pUDsXYAwUKXAKiPDRMtyo,6aMzxoXCzOCQklZu3yGUs1,13082-2007-03-13T223113Z
nFlMGvBaJkhj3T5RLEv8w,2ZMMwbnrLFVcY52fTZLoNF,13146-2007-03-14T095929Z
nFlMGvBaJkhj3T5RLEv8w,61EGUxmJJMW2EJvbBlLGJ2,13147-2007-03-14T152556Z
6lggQPkZeTvEhp4T2o4lue,1PTP0HgEJgqKoGxg8PVKEp,11060-2006-10-20T020600Z
6Jw0sBw69p5jDKanDjT28y,5hPBDVlo6aXUrTSd6dOJ9z,11354-2006-11-12T194337Z
43hwCHItC0KpK4qJmVSwWM,73kSPtPwXyucLfnFHIrwns,11367-2006-11-13T230512Z,11368-2006-11-13T230513Z
5teaFS5gdGpyZIZWCCLpYQ,3xD3mgj86sA0hTZh9q9k09,11434-2006-11-22T044955Z,11435-2006-11-22T044959Z
2UpAt3SsUmnTOHw2DM3iFW,3j95XySW5ghRe9Q6SxFWf6,11716-2007-01-22T082809Z
4aHe0Fu8IbANg5Fs2JRmVG,5iAvjNIWxxm9oFdI7TcyzD,11307-2006-11-05T072848Z
1fsEdd9Cj7Z5wBlcf2q9dE,2csr0mh9fRyDVFT0Ndfip3,11361-2006-11-13T094109Z
7JeIArF7DGrbEHjsktXQiZ,7EXBZitbOoFFF1o8DTWqDu,11393-2006-11-18T112904Z
50Z8vc6BlzfczfZGOeQagW,1fNTL2yyLt0yNCwO659sJ0,12134-2007-02-22T140208Z,12135-2007-02-22T140213Z,12136-2007-02-22T140213Z
30CO9XCtv6riSHvBQ7Usqv,20Re6mnWw0DxzuwcB88Fq5,13030-2007-03-13T070049Z
3z4pDt0WxZz2oauqd0s6Cu,1lQvFDUuX4uUc0QEaOn7GN,11353-2006-11-12T082612Z
3z4pDt0WxZz2oauqd0s6Cu,6Oivgt74hZX9yjeNNImTii,11403-2006-11-19T223553Z
3z4pDt0WxZz2oauqd0s6Cu,12dRUsAcZH5lspa81BChfW,11414-2006-11-20T035029Z
3z4pDt0WxZz2oauqd0s6Cu,5RAQVm5DRovFqwTEIJ0pR5,11424-2006-11-21T072147Z
3z4pDt0WxZz2oauqd0s6Cu,f5uRevnIYkK0bDCbwnLSg,11457-2006-11-25T033602Z
17vGCryumsdfibRuQJuxCL,5fNHnNiTvbUa5ztQ9zCTQq,11431-2006-11-22T034210Z
dl08WXcma8cFFdhVvKk2K,6YyyE0sVBHWIETxJd6m9dU,12098-2007-02-19T034819Z
6IWMBoOF96fgiErn82yaPq,4uS6AGsy0bBrfqVD6mFZwu,9513-2006-09-08T054004Z
5VGAt7Vnk5C1A56wyxomhN,5tTe0jQl32wByNb0GAqaGf,10752-2006-10-04T020119Z
2EDRmeUKbj8MGYcFY4MtPA,3ze5aYpNgBt5yUiMFoe5N5,10753-2006-10-04T025157Z
2EDRmeUKbj8MGYcFY4MtPA,705FGEWD1C91UhmMmczf2d,10754-2006-10-04T025303Z
2EDRmeUKbj8MGYcFY4MtPA,1ZLfKmYwoWU706qa6uN7Yk,10755-2006-10-04T025530Z
5VGAt7Vnk5C1A56wyxomhN,1DkD8l19uhDINpPlhteA0T,10853-2006-10-10T221739Z
5VGAt7Vnk5C1A56wyxomhN,qHUu6Cr66CjeFCsoksREB,10855-2006-10-10T223045Z
5VGAt7Vnk5C1A56wyxomhN,QEzhsHiab8O4JoDQZKQha,10856-2006-10-10T223333Z
6Ht6kpKUkZdNHeyIMvu31n,B3kBisNlRi96fSLIruCWA,11292-2006-11-02T010232Z
6Ht6kpKUkZdNHeyIMvu31n,14Jo1xzXgxt6pSAmdHRttC,11573-2006-12-14T030856Z
6xk9z2PV3mDRFkIavE2tiX,7lOEAinztkSmn4HplWpHGl,11630-2007-01-09T213959Z,11631-2007-01-09T214009Z
6tBFgi16X8GSLws65zyULK,1vLJT9Wl82lURPQkLt0nmI,12126-2007-02-21T185159Z
4FTAL8JvxEhY0YAefdPoNm,HAtoTQXlqLcWHXF6T3fYZ,12942-2007-03-12T222100Z
QO9KrEiYTMEr0iGUrWSvA,1LiTCAd0IyHPJNO1YnSKNR,13240-2007-03-16T151325Z
3YXQYu8bNnBnXM7eeOILl3,5ZEhTyl20922hDUezBYoS6,10879-2006-10-12T020430Z
1FuVQ3VqTgWlEKN7ZTenRg,EkC07o9H4Dhw2tcKkKFpF,11323-2006-11-07T231738Z
6vxPUmJqYiJlATDP39xPtq,IvA871LMfJStDf82XtC1f,11327-2006-11-08T045934Z
Mj9rpna3D4xEcim77zi8N,1SrHYC5Gvv8nFFWHw7UJu,11417-2006-11-21T012625Z
7gJoPb2fKzB55l4GcROTra,3otXJa10XiYqRrqbkhhhO5,11418-2006-11-21T012913Z
3YXQYu8bNnBnXM7eeOILl3,3fkx3BkaoQc7chnm13atGX,11869-2007-02-08T050232Z
4ljMtZh8BWo1Jsy9dKk9o0,3aNvy7JXlyVPBVWcZjAj09,11926-2007-02-10T035450Z
4ljMtZh8BWo1Jsy9dKk9o0,4m4PD2UvdGctB8FeYyEsoC,11927-2007-02-10T035717Z
3ZtVbMc3IFkMJlkFlM6GWW,3cvj6xZPFqrVxJXqiTl5IW,12024-2007-02-12T231716Z,12025-2007-02-12T231724Z
mKceRbsdnUgAw2fUZiXPl,1CRwxdx7fjZRD1hA0dA56d,12033-2007-02-13T043505Z
4ljMtZh8BWo1Jsy9dKk9o0,5RiX9x03lrU88NKm6OptnN,12080-2007-02-17T191012Z
7MBLC7RsYOaJquiWCW8luT,1Nt5ju2PDKXulqvNvzUOcY,12543-2007-03-05T232959Z
7MBLC7RsYOaJquiWCW8luT,3AGQOKEJvlGEcPTEGbodOE,12610-2007-03-07T032844Z
6lPcl7NRzqEb9WKumyFoUs,3vUZDqzY8PeRob79OwAWSH,12613-2007-03-07T042817Z
7F0OXs0UeQtmL7i5hq88lb,TPNRoEUya0T0KIRQGkEc8,12455-2007-03-01T214645Z
4HCy303KbnxsUqyMUaUXC9,3F0HVAFh9YGIpHpXXPrlS5,12457-2007-03-01T214758Z
7F0OXs0UeQtmL7i5hq88lb,506CPirFqjAYL6pEhKsKBP,12458-2007-03-01T214849Z
6xjQEUqZW2r51JHwoBW3cM,1d2E8SJa7rixi7l8qpIT2g,12459-2007-03-01T215422Z
3Qft05yG3tLmA0OkpfmSRv,7oaF02W5YcmsJu4rYi7Drl,12510-2007-03-04T222810Z
5MT1HsxGhinLZwUMyuAZwD,71XhPl31rMzF6vhixhPWA9,12607-2007-03-07T014501Z
5MT1HsxGhinLZwUMyuAZwD,489Ayq80X28ouseyu9eNOk,12611-2007-03-07T035502Z
7F0OXs0UeQtmL7i5hq88lb,6KYooTvAVbVrtFjoFVlhfl,12852-2007-03-11T220713Z
7F0OXs0UeQtmL7i5hq88lb,60GKDzqmm93CKXqK1GgPLJ,12853-2007-03-11T220804Z
1NVuJMQWUS05kvNcSyXFY0,2lYFTVc0SL1GwjnMXjMsHf,12144-2007-02-22T215107Z
1NVuJMQWUS05kvNcSyXFY0,6E158ByWnj26LhUA81KGKo,12483-2007-03-02T042937Z
2xuRQkVAcQMPrqQp64KftO,6rbZSMvQFYDJe4DlZ19fGs,12485-2007-03-02T044236Z
1NVuJMQWUS05kvNcSyXFY0,1haVwCAmOcnuI68ZhcuEQI,12538-2007-03-05T201630Z
6GfMaeIb84jguQJU12US7g,3XaWeglIAXodIPesaTRLX5,11804-2007-02-01T210421Z
6JUx89AjSEe30CwtXC4bcL,pbyg5K4Cgs2XhNtMvOtU5,11176-2006-10-24T085422Z
7rH8GMb1mGI2fpYFJcv0De,60aWMgyIKTApWtavYKklQx,11290-2006-11-01T211913Z
21vI59a7kEZav3FOhpFXjp,JfxzvyapqmPPMDahrStN1,11321-2006-11-07T190343Z
5UOJhQh3NrYK8xDphrEEXh,4C9Luqv4s5QF1PX6qDUL6X,11390-2006-11-18T064532Z
4KLmFPDfbIad4Ko3Cfj1az,5YCZL4coK3zKcxNRw7aup4,11391-2006-11-18T072031Z
7mEbu3b4ZlwXiBMvDS0s1v,lrPb6WrwnXaObsDuEUzuZ,11392-2006-11-18T104524Z
4D74JNZxkKuxzt8mym9DuI,6c5WXc7CoVIB5oRUHvgW2T,11394-2006-11-18T182347Z
FM2wb3dtJhl8cc0SZWTB5,2dMZGxzEjrtfcdvzqxsswu,11395-2006-11-18T203555Z
6fTTZvKGckmrkyVdMWSbja,1jZwTJMJ339vFRhLViJ8sB,11396-2006-11-18T223955Z,11397-2006-11-18T223958Z
sNtRamirWT6fsLT9IW8ua,1ph8QNbzL561qFeZg4VJAY,11398-2006-11-18T234214Z
2Dp4USU1hYt9As4cHynfxk,777sKTyvysK9pwSZoq3hn5,11399-2006-11-19T081934Z
2n0RZKAuVIkltIWqkAq74V,3qmJHodOPrtYAxCJOTh1Nh,11402-2006-11-19T223251Z
5fco1o7XCj5EOACoGYHhuL,30ZlF0n42mQiPACe7X4LYD,11425-2006-11-21T074455Z,11426-2006-11-21T074458Z
6svon53rMqv40NDJYwwlrd,4244d6ZVylppiflcUw8OMx,11429-2006-11-22T031419Z,11430-2006-11-22T031423Z
YsFzMDrb3vFCwZzhsnFHb,4Q3RvA4fNhbkfO1OxFbDay,11432-2006-11-22T042637Z,11433-2006-11-22T042643Z
3m7KeoDeHxrdj43DH4olf2,4vKIVRokKqzcIF2j4tYxMK,11445-2006-11-23T005252Z
1A4cdjE2CDvS1Fgn0MZA4J,1lOXPsCFgJHo8a5iru5aEb,11483-2006-11-30T212632Z,11484-2006-11-30T212717Z
5H8Q671ze7Mq38vzmQzYKG,7yeWtAF7IeVDdEnwiTQdLg,11485-2006-12-01T153604Z
3tOgoPNHdEp2ztZYXbzemr,TJfpz0WmSArLSgoVdLlvL,11493-2006-12-04T031550Z,11494-2006-12-04T031554Z,11495-2006-12-04T031603Z
1EbPMLWqconqUH9mwGmgP0,66QETbuJAiAcgLjGOgAu8Q,11707-2007-01-21T135902Z
1EbPMLWqconqUH9mwGmgP0,aZbCcRfvMKpphGAakbVKR,11708-2007-01-21T140242Z
14t54WIz3RGzld7mmSxtvd,1DMQE2c8JJBgvKnV5LqTo2,11569-2006-12-13T234544Z
3O9deNLslTpVh86UJk6CjL,5FyUtrFDBrFDGEIuiqkZ7H,11603-2006-12-21T035617Z,11604-2006-12-21T035620Z
5oU6UwVAu3b1Pofp38HuEI,67ifD04Ui6SNRw88QUpUr2,11675-2007-01-15T231246Z
1s3U29z9o2MllanDrVMY08,7lGPWDBHIVyUzSNPJoSrN3,11832-2007-02-05T021942Z,11833-2007-02-05T021944Z
KNEmMhouEcrAlXBPE6dGZ,2SyCTj43HuH06DvHevJMVQ,12049-2007-02-14T070424Z
lhH99VKfj34eS2cHPTUNo,1P8Ft6kUMws27yUAV6v6lC,12050-2007-02-14T093801Z
KNEmMhouEcrAlXBPE6dGZ,4NmxUVW8O7oVb3WeFtDjWq,12051-2007-02-14T182214Z
rkBJt9XfgxhcfGd9ExQWe,24EJVv3UcHrCltsnORyVgR,10868-2006-10-11T050113Z
eMfWBoXkcCaayWHoC2Lmd,33cyKbd48vpsJdOCgey5JP,11260-2006-10-30T131408Z
5NDbrWOMsNC4hZipeJe5tb,58sBDtD6dyiAzswNm4LEQN,11951-2007-02-11T043448Z
7DRGnlyvhs8hTumSq6Jjv,2b798sTB568ZPL1WBgsiRo,12022-2007-02-12T213050Z
3044FkctV4PGJpOjBNmccw,6f4TR4nIjmI9cbOiy0SMM3,12107-2007-02-19T213505Z
JXZgFNMPnPkVsaCjzFC3Q,1CaZzyazKKP7cayCvxGn4s,11039-2006-10-19T141326Z
JXZgFNMPnPkVsaCjzFC3Q,3anKnncozYxa4iSEszAOib,11102-2006-10-21T150342Z
Phq5JNkBuU9fJyIZmVodn,1kmOG2EJlcpcCiyoMLuTCg,11177-2006-10-24T085538Z
JXZgFNMPnPkVsaCjzFC3Q,2GohVZFlvQdG1vwb2GbENg,11313-2006-11-06T123259Z
JXZgFNMPnPkVsaCjzFC3Q,2GohVZFlvQdG1vwb2GbENg,11314-2006-11-06T123306Z
JXZgFNMPnPkVsaCjzFC3Q,klnYKhkFcLec5mnmzyXEv,11365-2006-11-13T164826Z
5vaFdzO4nhctoEa34xU6Fv,1uUMI7pHuwiVsbbVu2IEHI,11535-2006-12-08T031342Z
4Fn53kWw0L1Ng1dKLKgm0a,73xUkTpRUmwx59AS06NZhw,11826-2007-02-02T154144Z
596jwFqpvNhv7p8nJZ4ath,E2MiyxdSHOzE0kCwJDrA9,11844-2007-02-06T120927Z
5QmTzVi8FmH5SjiM0dHyN7,4ItuM55YNv4iW3uPfi9EmP,12525-2007-03-05T050224Z
5hvsKhVa1eKT8NNUfN2DJj,VO36yaAE9lDMxlWWU1VAc,11807-2007-02-01T212739Z
68agMsGtNZX0Ht300ZfVYZ,6FdkN9dmjoNhtPF9AUUvJ2,10964-2006-10-17T012620Z
68agMsGtNZX0Ht300ZfVYZ,3LYZJ02T47bwNQb9CvrRpB,10974-2006-10-17T062552Z
68agMsGtNZX0Ht300ZfVYZ,6cGxhtYx6PxAKWVi4VDH00,10975-2006-10-17T063127Z
68agMsGtNZX0Ht300ZfVYZ,1CC5rieSNzyjfbkPJN9rwJ,11201-2006-10-25T040844Z
68agMsGtNZX0Ht300ZfVYZ,7yWKbNR9hZkmJcxxZUnWRx,11202-2006-10-25T045146Z
63djhEITsbY2g18WRNYbfA,4nw03kgpVOH2XIHAtsKPy7,11348-2006-11-11T010612Z
6N85jDNPeL5JeDzpe7UbnW,1BVwtZqS614jnIS8b7KSs0,11363-2006-11-13T131944Z,11364-2006-11-13T131945Z
1uA6ANIUZySyUHnndzuLoj,4j3daeMQ8xqgFB3prPWfMm,11589-2006-12-15T122913Z
1uA6ANIUZySyUHnndzuLoj,5Sd69w2VuTWdkMrAuNBj8s,11693-2007-01-18T094513Z
59iXJZyBK7Rijyw1yaIFCt,3LqGRv3AgweJXGLlEgnVnn,11703-2007-01-19T093349Z
59iXJZyBK7Rijyw1yaIFCt,7EfxUBw4YSUDVQQXyfBsu3,11743-2007-01-25T091740Z
59iXJZyBK7Rijyw1yaIFCt,3VS4FD4khhHdE4Cu20uSBj,11744-2007-01-25T092706Z
3Y8UVTP3q8e8UM4wwIBRIZ,5P9fw92T76BSoLBOzhMehv,12351-2007-02-28T095620Z,12352-2007-02-28T095626Z,12353-2007-02-28T095629Z,12354-2007-02-28T095629Z,12355-2007-02-28T095630Z,12356-2007-02-28T095630Z,12357-2007-02-28T095630Z
XdugAcMjksAHJl4nRYuo3,1MoFHeHCC9bjeOj6TRDPwS,13133-2007-03-14T081308Z
6WeVa9KoUdlZgTMtbj3gEE,2txaMpaXAOgb7FfvLefwZr,8320-2006-08-17T050646Z
FoAlixCyzB8pYWZlPTZYZ,3npd4M4fWoOPxpiXcogFAn,8321-2006-08-17T060359Z
FoAlixCyzB8pYWZlPTZYZ,5m92q1dmR6dN0bHMFYZL49,8326-2006-08-18T001429Z
6sq0ojOpDE4rftE8yZAhK9,7mlS3Otth3TKAUAj1qFCH5,8427-2006-08-21T224955Z
4vOHpokq5mKFfV3oJVq331,TNAJ9tE2h7db6wWBToNVP,8552-2006-08-24T013157Z
4vOHpokq5mKFfV3oJVq331,2SqF288psa4KUriT4jAS5K,8553-2006-08-24T013245Z
6I62oWpUORc3kWgKtFZWz1,2rihKVdGGk4FGzdFarYEYa,8559-2006-08-24T030152Z
1fYV6C3Q9PkZnEx3WCOS8e,1EOF0Xu3qI12JvQmEA2YNb,8895-2006-08-30T021143Z
6xmJ421l5bzPja7oe1lHyq,3v61jgC3akNuVcJZFrbQKd,9022-2006-08-31T025255Z
2TlkYLP7xCmPxavzIRsmO2,4qf4CG6MRC1XOmTR4h4Esh,9030-2006-08-31T041838Z
6xmJ421l5bzPja7oe1lHyq,5tzMicjQkl01gUzHZPPvKq,9071-2006-08-31T233229Z
5NV7gRMqsQsHUB0woOt2HT,1Z0Az8ruL3x4UUCglmFh8h,9331-2006-09-05T230520Z
qMB4bIGBMfmfJLYR0DFOo,527pL0lOtOBspql6UaXs5c,9432-2006-09-07T013711Z
5FQzxX9uoLOleuU8NlLCkd,x8UuQCl6SAMw4ypPX0oSc,9510-2006-09-08T032146Z
2rZNhpIRGEz6JJtXVMxG4W,1u860x2tgk8mJxoIcxwYNs,9511-2006-09-08T042323Z
14ZZ2i9k98lQdYgcnCHNpP,UqbBRpIBLBxYdci7UjeqV,9796-2006-09-14T024915Z
4mrvUVzy1JX5p6pOWu8wiO,3QVKMTG9N2aoweYnhp51cm,10055-2006-09-21T032345Z
5LmdOkyd6XqsX4u1ygI9vP,X2BEKc4Yk8IoOoWcXnCOU,10111-2006-09-22T052909Z
5LmdOkyd6XqsX4u1ygI9vP,4gmZN3o42KL7JxAAo3cbgy,10113-2006-09-22T054454Z
5LmdOkyd6XqsX4u1ygI9vP,1jxPtSCiJN5f50E1uYkDqZ,10259-2006-09-24T224242Z
5LmdOkyd6XqsX4u1ygI9vP,1xH9LxcQlXuIVryLP0Kcej,10262-2006-09-24T232555Z
vhBdD9fa4OSbk7zPrHcIM,5LdntvWaMHa1xHpFvGMuZP,10475-2006-09-27T041205Z
4vOHpokq5mKFfV3oJVq331,1CvDo0f2B9nVEs2DokxauX,10594-2006-09-28T001316Z
3IRYORmhenLatkfvs82Ywj,1rvOgoNFlU3xRH3jtOrYra,10597-2006-09-28T020235Z
cnTQGcAOifJYgOsiGK8Zz,7fPzCKuJB0aqklDI36BqaD,10605-2006-09-28T031115Z
3IRYORmhenLatkfvs82Ywj,3AKBvkhJgQbmKUJroxKBmD,10606-2006-09-28T031508Z
64M145348BmGt29ROjhW3m,41lVjnFSTvHsvkTwYJ1nVt,10620-2006-09-28T033842Z
1FQqvjIvUYI24Aj9qx51KY,2XotIfEfEfYS5tgnZI3gHu,10732-2006-10-02T041007Z
5k6ZGYf9If0IlxmT3vER1r,1mQf7H7zunu8AW5ZcAEPeA,10743-2006-10-03T041656Z
OfHawv5tFoOIlvXcdisKy,6RbdB64liPQ2NTJnbq6EUQ,10767-2006-10-05T033840Z
6WeVa9KoUdlZgTMtbj3gEE,695CzruAD6bRkaQ4JsGiXI,10791-2006-10-06T024844Z
6WeVa9KoUdlZgTMtbj3gEE,7rmllBF1CbeQOhomkUMkWv,10793-2006-10-06T025152Z
6WeVa9KoUdlZgTMtbj3gEE,3j5VJQkeGuymTs9h1S9OI3,10795-2006-10-06T025722Z
6WeVa9KoUdlZgTMtbj3gEE,7Iaim5dW0S02l7hTv3lp7v,10796-2006-10-06T030020Z
4cOvYPkEK9bSfCzaJ17AVC,7rRVbkVJgLszeJ6CHACqdK,10833-2006-10-09T022443Z
3pdxSX5nXiFPFPOwMgUwgN,5P2jnMyZv5d9KczHfsE9C4,10882-2006-10-12T033629Z
5k6ZGYf9If0IlxmT3vER1r,3C40iTCPrQns7Mp6X2x96i,10968-2006-10-17T025630Z
5k6ZGYf9If0IlxmT3vER1r,5N2YN7SKh98jJPo5u6rlPc,10998-2006-10-18T023044Z
2N619KNKYjP9jtiOkGeFT8,2ioW8XnqCwqhgq4Otbi0AQ,10999-2006-10-18T024317Z
3d7T9cfXPndB5cVD7eVoTL,1ixfTgLmbp5J8bJFIjtbHz,11007-2006-10-18T231557Z
3gbfOSseTOzTn3vDwZOrnG,3NeGuThqrI3GFXrCQcRBzu,11008-2006-10-18T232012Z
5k6ZGYf9If0IlxmT3vER1r,1s0rQphMpXLqtoXFRcFSYd,11012-2006-10-19T010017Z
3d7T9cfXPndB5cVD7eVoTL,1MqoiM6Mwcwc3uVRzXZzu1,11013-2006-10-19T010644Z,11014-2006-10-19T010651Z,11015-2006-10-19T010651Z,11016-2006-10-19T010652Z,11017-2006-10-19T010652Z,11018-2006-10-19T010652Z,11019-2006-10-19T010653Z,11020-2006-10-19T010653Z,11021-2006-10-19T010653Z,11022-2006-10-19T010653Z,11023-2006-10-19T010655Z
5k6ZGYf9If0IlxmT3vER1r,k0ZiV7uM2xWExemyfCx72,11033-2006-10-19T045524Z
6pXiqy3kt4fI9QTJbkEESI,6QZBLrskqEJ5nCIFicFGMi,11071-2006-10-20T092724Z
4L9sOBHeL6uCyZuVMeN8MH,6235HK1SwOqhJbUZ7EAn54,11227-2006-10-26T031253Z
4L9sOBHeL6uCyZuVMeN8MH,2kCybHeJ6GuAquHQcUuDvw,11259-2006-10-30T050709Z
2N619KNKYjP9jtiOkGeFT8,5CcFpcVCx61g5saKxgX4PV,11266-2006-10-31T031439Z
4DKROWvFdRv7cEOafe6wOw,5wdlbytExhhgXRc8tebvPy,11277-2006-10-31T090748Z,11278-2006-10-31T090749Z
4L9sOBHeL6uCyZuVMeN8MH,3ESLvk9JqiLtlOAHkbkx07,11326-2006-11-08T043230Z
3VyHx8LcpFPSuHMJV4aH2f,TZzjLHUXh79hySUwtiSk9,11332-2006-11-08T222345Z
1EPsd1FemFYZTBADZL4nvD,6cS74hWq9pTzQSRQk9CCW4,11337-2006-11-08T235959Z
2LWH2cTBNXr0g6XWXl3bXE,2pmoVFWKLe1xzPf1mALv9n,11341-2006-11-09T212100Z
3pdxSX5nXiFPFPOwMgUwgN,6CkMv8DIKNqBea4uFBgUOC,11358-2006-11-13T011251Z
6WsasRZi1xll5YLESJ3DnK,2teonX2YAQGNysVpWCWoF6,11405-2006-11-19T225032Z
6WsasRZi1xll5YLESJ3DnK,2diG6dX1AntReUkRlMoKIs,11419-2006-11-21T040806Z
6WsasRZi1xll5YLESJ3DnK,3pGTkdgGK72uYrpZ2K7jFg,11420-2006-11-21T041026Z
22pTPP1PU4hoSsforiW1DQ,7ADoI6KDb9ImvMw93SEyE8,11421-2006-11-21T042043Z
4dER6HNKo2VaUiuEiUtyld,4goKyQi4aTu4o99FH6WrNE,11446-2006-11-23T015454Z
75NsSUM6k3nrefeCt9ZFjy,4NUZGY1ot9r9Miqwftbhwe,11472-2006-11-28T003642Z
GGoEE4E7Br1xaHAITWZPm,6083ALZoylQr2zJG5Gf5G9,11481-2006-11-30T022006Z
1vWwrLP9yHhU6w3EEGRyW7,7AhgZQ5zzgOx0Ec2AoLeHl,11496-2006-12-04T035643Z
4N6EBCf7ma3c3kxKZJJlR8,572FewlZLS6UGDmwTy6GaD,11523-2006-12-07T011510Z
sjIjJPqjBsm5FG057CN5A,4tYTBUV2eghrvsKY9DCPHE,11534-2006-12-08T020036Z
4ZkcgbtwoNpWQNMN9CLP8E,51IxbwMivvbUFbyKfFSyfE,11562-2006-12-13T223638Z,11563-2006-12-13T223642Z,11564-2006-12-13T223644Z,11565-2006-12-13T223644Z,11566-2006-12-13T223648Z,11567-2006-12-13T223650Z
17DvyBwL8kVhLDreCW4OfK,6tFAQWdJjGT5rpf7DQVSWq,11583-2006-12-15T025004Z
sjIjJPqjBsm5FG057CN5A,5wcY9hBMJPjxTtZNxpErAQ,11598-2006-12-20T231742Z
sjIjJPqjBsm5FG057CN5A,2JPLAJuxJ43p9J0AprIWDN,11618-2007-01-02T221729Z
sjIjJPqjBsm5FG057CN5A,5Yf6I0V9mcE7u21KXNe7id,11622-2007-01-08T020706Z
sjIjJPqjBsm5FG057CN5A,6bQJAQGOC4gXHoJOfucP5D,11634-2007-01-10T044217Z,11635-2007-01-10T044222Z
6Mze5SftP28WgIDjgLipD,5m15DOWFC98ylKbrpslV63,11901-2007-02-09T022713Z
4L9sOBHeL6uCyZuVMeN8MH,3TaoxIkSykwNAMQWypDuJv,12062-2007-02-15T074121Z
3pFp4iUm4ZSp6dVLaCLmI9,4cpGvwcaZlmeB8hL0VESCQ,12111-2007-02-20T072110Z,12112-2007-02-20T072112Z,12113-2007-02-20T072112Z,12114-2007-02-20T072113Z,12115-2007-02-20T072113Z
5LWGmB334VO5yDm1cL9n8I,aVXLaBkibt0GpkVHwa1ZW,12118-2007-02-20T220422Z
1ZStMWsICV4lAdDJ6GEHUt,3bu5mGtwEtDeZRvVdWrQhT,12148-2007-02-23T004528Z
4Mh3gANJ2jl4tXh8yR7E5E,7hOuBLotl2NY1CNCHoddve,12275-2007-02-27T210528Z
TLgCYSotVZfv9OUjBqviT,7j7CjTTqQKCwj2egJfYp1k,12440-2007-03-01T011534Z
TLgCYSotVZfv9OUjBqviT,6cWCPOkkvOe1tvXU87z4EG,12442-2007-03-01T023013Z
3pFp4iUm4ZSp6dVLaCLmI9,3c8sEbQOfsv5SzWqSmzBuj,12453-2007-03-01T083942Z
14CZ9uq4WzbDCKFWh8r5Ko,14ji7nDaYyYmXJTyDcFsvg,12540-2007-03-05T220843Z
6brarvHX3OsK8kqm7xMeJ1,4PYX6HpdaqXbKYBq3UVbfL,8309-2006-08-15T225331Z
4TxW2bKZu0rtxJCnkZsPWQ,5k22eYaRuFsekPWySjQR35,8310-2006-08-15T225519Z
4TxW2bKZu0rtxJCnkZsPWQ,3TG0C9amwlTKcEk6vhMnPd,8311-2006-08-16T002927Z
4TxW2bKZu0rtxJCnkZsPWQ,4rH0gEnackYHnQZuRSjX9T,8383-2006-08-21T002422Z
4TxW2bKZu0rtxJCnkZsPWQ,1AisImNWXcwE8IH8LYdscX,8385-2006-08-21T002822Z
4TxW2bKZu0rtxJCnkZsPWQ,3bzumtXsENl5fwQ0DfuvIT,8433-2006-08-22T012638Z
4TxW2bKZu0rtxJCnkZsPWQ,6ZOmd8LI1qAcEXzTmirdOw,8434-2006-08-22T012916Z
4TxW2bKZu0rtxJCnkZsPWQ,7lWuiL10jC4C4NWd6Pmxrk,8435-2006-08-22T013024Z
4TxW2bKZu0rtxJCnkZsPWQ,rOrj4lwqhPwxyoHfgqjP7,8436-2006-08-22T014736Z
4TxW2bKZu0rtxJCnkZsPWQ,mEvdCa5eOHLTowxZ2Eyyd,8437-2006-08-22T014938Z
4TxW2bKZu0rtxJCnkZsPWQ,5QrRteU534c1yPSbtzonN0,8439-2006-08-22T015059Z
4TxW2bKZu0rtxJCnkZsPWQ,74NWwMbWHONTlyPla6WVqk,8440-2006-08-22T015426Z
4TxW2bKZu0rtxJCnkZsPWQ,52DkgPoMFpfRAZWo103FJo,8473-2006-08-22T223605Z
5GNlPkUv85Koyz5fS2NNxp,L0Kn50nCYswRI9Y6y7vAm,9488-2006-09-08T000950Z
5GNlPkUv85Koyz5fS2NNxp,7z27DHBDOC7Y5uaArow8RR,9489-2006-09-08T001259Z
5GNlPkUv85Koyz5fS2NNxp,7mKQhvIMKnQ7qfR6kecMHg,9490-2006-09-08T001342Z
5GNlPkUv85Koyz5fS2NNxp,h9OcBRyLfNjlGoP7zkdrX,9491-2006-09-08T001414Z
5GNlPkUv85Koyz5fS2NNxp,6LGT2TmNWT26GFH8pRzyMo,9492-2006-09-08T001447Z
5GNlPkUv85Koyz5fS2NNxp,55KL3V6IeqLyNHm6EMSGHQ,9493-2006-09-08T001604Z
5GNlPkUv85Koyz5fS2NNxp,6FbricC1J4dIiO9PV0tjxv,9494-2006-09-08T002859Z
5GNlPkUv85Koyz5fS2NNxp,5dsskwwC5ElxxDIQ6EPvwq,9495-2006-09-08T003536Z
5GNlPkUv85Koyz5fS2NNxp,1jvjLQ4oNhBzNtAzAw4DfV,9501-2006-09-08T013733Z
5GNlPkUv85Koyz5fS2NNxp,64Kts6ANt8RZjEMeVk5DEC,9505-2006-09-08T024108Z
5GNlPkUv85Koyz5fS2NNxp,7apl40r5RdgDNf62GRdYDV,9506-2006-09-08T024358Z
596JwBbhbx0P93OL9KH9ov,4e2a5rEQAVkNvr3SEP7n7Z,9589-2006-09-11T001116Z
5GNlPkUv85Koyz5fS2NNxp,2cDCcpAf6YjK5lfgeQUKsb,10465-2006-09-27T032505Z
5GNlPkUv85Koyz5fS2NNxp,28H0AuIUTKqINW6lNp4SWX,10467-2006-09-27T033659Z
4TxW2bKZu0rtxJCnkZsPWQ,5tIeqiNMKbiUL5QyabI5eu,10474-2006-09-27T040835Z
66zeL5iG0VmbdHWdqlrr7j,1KSuXaatdkKzBdVrVxrh2l,10482-2006-09-27T044221Z,10483-2006-09-27T044222Z
EEc0SifTkVAsVH5e5gAo3,4LqnBVyUBWffKwIeA9DEEH,10486-2006-09-27T050655Z,10487-2006-09-27T050656Z
EEc0SifTkVAsVH5e5gAo3,2GcwPlS6WJNoZnDn7ALTxa,10488-2006-09-27T051525Z,10489-2006-09-27T051525Z
EEc0SifTkVAsVH5e5gAo3,3wlkbidqaxXzsdXagOghLT,10492-2006-09-27T052658Z,10493-2006-09-27T052658Z
EEc0SifTkVAsVH5e5gAo3,2TcN4mQT2O5Xi8SfS7pDMJ,10494-2006-09-27T053409Z,10495-2006-09-27T053409Z
4TxW2bKZu0rtxJCnkZsPWQ,4e4I1TkWtQuIHd8IaPDDoF,10496-2006-09-27T053956Z
4TxW2bKZu0rtxJCnkZsPWQ,7gAFIpjfqLllCaft9SHb4b,10497-2006-09-27T054203Z,10498-2006-09-27T054203Z,10499-2006-09-27T054203Z,10500-2006-09-27T054204Z
EEc0SifTkVAsVH5e5gAo3,1QJ9z9jUUUwxG0rh5ZxyXt,10502-2006-09-27T054910Z,10503-2006-09-27T054912Z
64btGNjI8mIIjkHuEQliw8,t9GWO6XMePi3lempWYwIi,10505-2006-09-27T055909Z
64btGNjI8mIIjkHuEQliw8,t9GWO6XMePi3lempWYwIi,10506-2006-09-27T060736Z,10507-2006-09-27T060736Z
7xYUZHNncMg7o7w08u2W0R,16jaF6qK8SZJUrIPrGrOQq,10518-2006-09-27T073608Z
7jmT5VrsUl59Jey3ccOvgG,3Re0Ewthua79bBpFCd9OlY,10520-2006-09-27T075043Z,10521-2006-09-27T075043Z
6453ymgMuUf5zM0L2lysHZ,38m05r06mwDDNVdpbYYuDn,10522-2006-09-27T075047Z
4TxW2bKZu0rtxJCnkZsPWQ,CaX2bgTNdydBO5x5RcPv0,10527-2006-09-27T081354Z
4TxW2bKZu0rtxJCnkZsPWQ,61L2lnoJIEvcrViT9G22vk,10607-2006-09-28T031519Z
4TxW2bKZu0rtxJCnkZsPWQ,gUCSgjPNKvH1q34SlONsT,10608-2006-09-28T031945Z,10609-2006-09-28T031951Z,10610-2006-09-28T031952Z,10611-2006-09-28T031954Z,10612-2006-09-28T031954Z,10613-2006-09-28T031954Z,10614-2006-09-28T031956Z,10615-2006-09-28T031956Z
4TxW2bKZu0rtxJCnkZsPWQ,qRgP9xeSqgJVbYH8r37n4,10616-2006-09-28T032249Z
4TxW2bKZu0rtxJCnkZsPWQ,XZ2QFcTnTe3yv4pNamxSn,10617-2006-09-28T032649Z
4TxW2bKZu0rtxJCnkZsPWQ,7GBdLUUt8klckjM1sa8Kyu,10621-2006-09-28T034139Z
4TxW2bKZu0rtxJCnkZsPWQ,1BnwcJ06AEpNC8ibkEn2M6,10622-2006-09-28T034351Z
4TxW2bKZu0rtxJCnkZsPWQ,J2kMyzjR759MPOk5jNb0u,10624-2006-09-28T034627Z
4TxW2bKZu0rtxJCnkZsPWQ,63P1vvEE5SXs3Donqc9O2c,10625-2006-09-28T034822Z
4TxW2bKZu0rtxJCnkZsPWQ,4mqCEUgp4FoF59dGsTg4t6,10626-2006-09-28T035008Z
4TxW2bKZu0rtxJCnkZsPWQ,6pUVF52Y1cHlXPN3f7JNhw,10627-2006-09-28T035238Z,10628-2006-09-28T035240Z,10629-2006-09-28T035240Z,10630-2006-09-28T035241Z,10631-2006-09-28T035241Z,10632-2006-09-28T035241Z,10633-2006-09-28T035241Z,10634-2006-09-28T035242Z
4TxW2bKZu0rtxJCnkZsPWQ,ySlVwE5bdnTBmnpX2Ztm,10731-2006-10-02T030843Z
4TxW2bKZu0rtxJCnkZsPWQ,6BJ60vHd04YEprPFnCBpWE,10790-2006-10-06T024708Z
4XCGEwHGVvM1BVNmN2XM1g,6MlpajL8PiN1y1OYyNCO7h,10794-2006-10-06T025246Z
6pIr6IFudpUI1HpZoBtGel,5516pemikbiDB1HDG5BwAz,11026-2006-10-19T035236Z
6pIr6IFudpUI1HpZoBtGel,7JWsPqlMNsUBalUDsJmUWO,11027-2006-10-19T040843Z,11028-2006-10-19T040844Z
6pIr6IFudpUI1HpZoBtGel,2KyoMeP0sKng2oWPOJ6PF8,11029-2006-10-19T042635Z,11030-2006-10-19T042636Z
6pIr6IFudpUI1HpZoBtGel,6aWc40SvHTTx8pqGFBaWZF,11031-2006-10-19T043805Z
4TxW2bKZu0rtxJCnkZsPWQ,5b7Ears0tVNvPZsY10SmDf,11152-2006-10-23T210132Z,11153-2006-10-23T210133Z
6pyx3YSdPxdaGky1kSzInH,2o9pKnBOtv4A0Yw9RPJ1UC,11370-2006-11-15T035449Z
2GYDtu1MdQSZSCmihAy1e5,4ihAm68JxzvIlzK3sCxrB7,11371-2006-11-15T040946Z
13NCHO7o7KnTyI7NF9kwNp,6uuQ8Jspzx0mP5j7RZoSqW,11529-2006-12-07T214912Z
3EsF3RXBtC5tJIkORC9uB9,gRX2O39rFBVj700cUWaIJ,11670-2007-01-15T215711Z
4TxW2bKZu0rtxJCnkZsPWQ,5fafPUyLIi7PTrIWFu8Zxs,11712-2007-01-21T231716Z
EEc0SifTkVAsVH5e5gAo3,5LRKhSpauymuSkljyOUj0M,12428-2007-02-28T223030Z,12429-2007-02-28T223030Z,12430-2007-02-28T223030Z
2LTSDAZFjeZT5T6GgqWdYM,4TFxlr2yuxuAbkQeKm4BkZ,12431-2007-02-28T224213Z,12432-2007-02-28T224214Z,12433-2007-02-28T224214Z
4v42BOxCqgHBfLtFvlFnIv,3OaRK2Yz7O56kaovWtea8,13184-2007-03-15T025254Z,13185-2007-03-15T025254Z,13186-2007-03-15T025255Z
4v42BOxCqgHBfLtFvlFnIv,6DK5Zh5aldgEA7ko0rkQd2,13188-2007-03-15T030018Z
EEc0SifTkVAsVH5e5gAo3,3J0GzUliCbu5Vx61H26vLK,13196-2007-03-15T052208Z
7BbOkZ6K6JVgK0RXfe8gRN,1O0fSiaum3UxiVFAX57duP,11623-2007-01-09T013754Z
1SMtYd4QrBirYWCeEv2Xtp,3jLzXM2gLJcvmFkcK47jHu,11624-2007-01-09T014837Z
1SMtYd4QrBirYWCeEv2Xtp,QyoUoOB9IUpuvsmgWgZO4,11625-2007-01-09T015149Z
1SMtYd4QrBirYWCeEv2Xtp,3xuLgnO6OWyfxqZtMoXt92,11626-2007-01-09T015553Z
7BbOkZ6K6JVgK0RXfe8gRN,2z27Dy1bCQ9BAcXU5mlPI9,11627-2007-01-09T021348Z
3x5E6s1eroG1Y3JH0T9dWu,7hUYE64TaAWMgsCsSTAHJi,11725-2007-01-23T033859Z,11726-2007-01-23T033903Z,11727-2007-01-23T033909Z,11728-2007-01-23T033910Z,11729-2007-01-23T033910Z,11730-2007-01-23T033913Z
44B4ekyzbLPUPnZOCH4bk5,4CeqOYGIJ2dCasVyXNfs8S,12460-2007-03-01T231905Z
7BbOkZ6K6JVgK0RXfe8gRN,6fBSAaPTv6f5BbtYSv19lO,12975-2007-03-13T015218Z
eAhKScdJf0WAQPE7mTP54,26AxDwfzuEXAjt7XNXyWTk,12977-2007-03-13T020333Z
3phUECsTT3tE3C2dygQ9dc,h5bTKmc7IrA3il071pC9f,11349-2006-11-11T023623Z
32LE4JENXmFAzIXHHdM6Mv,5L25y5lbRPd2cIvglkCn0F,11489-2006-12-03T064847Z
7M0jrbfEcr2puxVBGXA4L8,5r2AeKiorhsEEWq068kmf1,12140-2007-02-22T201901Z,12141-2007-02-22T201901Z,12142-2007-02-22T201901Z,12143-2007-02-22T201901Z
PTYnEG1yWC1p45KwlBleX,6VpAL3MOUrGzRKxwLoIIg8,12885-2007-03-12T043615Z
4X2WEdDU6MOlge1vhMz8b5,6m7FEeC9gRGccHmZW7cfS4,13259-2007-03-17T021525Z
4exboSv9i1omsN7VWQbqEF,YPbXNukjVOKNbwjNeEAnR,10693-2006-09-28T232250Z
4Cy3cZloEHtz4M27V8d4Sj,ozeyAVvjSqUqxje4PsWvY,10694-2006-09-28T232433Z
6MQdIvBnyTfffatL4OHXKT,6PLmQYrUWMOTILJNmhUcDE,11245-2006-10-26T220813Z
625OsogeAlhH9VyLNvrekR,4bL1l6gJtvqTfuuotP87XS,11269-2006-10-31T041340Z
7vxiOcgfasdXgAEpfTNzuG,4Ut9xyM85CG6lu0s8WNgID,11284-2006-10-31T212533Z
2xJ9lb7VdVHOLqvod1mbti,41zCozDCX7T1DVvld65JLs,12555-2007-03-06T004738Z
3hunWeKh2GbGm61NajEpg1,5KhEbyGOlXoxuJmBceMKgW,11306-2006-11-05T072840Z
4DHJfNQIqN578NpJ7WksQf,6wkJsiVyY00bqrrVLija19,11540-2006-12-08T093807Z,11541-2006-12-08T093817Z
17V4wHiRsKlH0jz3e42WM8,1dnyBI4s3gmwjHoEQUGLsh,11550-2006-12-11T093438Z
63ihAT4Vt7tUTdwI5Cho9o,7hDxe6eRycxanm05OpgobI,11590-2006-12-17T010745Z
1DhqJz07nBsfgf36Nf0HQV,3FnBeeQWCbE44MO1LPVecT,11616-2007-01-01T084354Z
7oJYgXPXxGxZSuXMmsFMlI,3WgQwXxFRvDfCX5Tcgr6SX,11676-2007-01-16T023828Z
5DzWhnl46Xpmdewp6P81qT,cgL4KjxzSVR00snqwzNvx,12103-2007-02-19T100815Z
5DzWhnl46Xpmdewp6P81qT,6zOcFoMmBKGB0wpWJRxt2h,13101-2007-03-14T031228Z
66APl1no25rHFN5e0mcFEF,4hoFMCHOejhF9mix0twbyB,9974-2006-09-19T231907Z
66APl1no25rHFN5e0mcFEF,2JyawlD9gAqYywBsGLy16F,9975-2006-09-19T232043Z
66APl1no25rHFN5e0mcFEF,PFEPHZ3yA9vOkix2ePeh7,9976-2006-09-19T232132Z
66APl1no25rHFN5e0mcFEF,5EffziGGF7DbL8mPFaWfjp,9977-2006-09-19T232314Z
2RtMgj8i2Gyg5ga9uGLbFm,5QyrEzKdcxkviucpbDjVIT,11720-2007-01-22T221607Z
5Pb1uvhDnm8I7DnDfsS67i,1uUrMZmLnbk9Bev27y1OTm,12273-2007-02-27T205825Z
44v2Ela8Dbmfj9ZqVG3rEf,3XsoBKBuvJJeBNjqi2KCJ1,9170-2006-09-03T222707Z
7j07kNhqt5Av2YdhmpYjj5,17QjDLSgLVr96L89eOc1jc,9604-2006-09-11T051123Z
29WAPieTOiKmIEEnRjQS5y,6DDSwe54SewhSWjwRPSMLj,10680-2006-09-28T203931Z
44v2Ela8Dbmfj9ZqVG3rEf,ockGkDjHsV5RmmG2Q5Dqm,10842-2006-10-10T024550Z
44v2Ela8Dbmfj9ZqVG3rEf,7phZCf1VH6KzdCfIs0xsP,10872-2006-10-11T214537Z
44v2Ela8Dbmfj9ZqVG3rEf,3V5tY1UvulsHTlt4wzkvLT,10916-2006-10-15T210154Z
4uE5js5nMbcaTEpijSgQnE,11tWlVwLMG24emyUrJnPnK,11001-2006-10-18T092110Z,11002-2006-10-18T092114Z,11003-2006-10-18T092114Z
5jmWoxHyWlIx5aFgeCTjfl,5oJETgP91mNQXCHcAL9HxB,11004-2006-10-18T092636Z,11005-2006-10-18T092638Z
44v2Ela8Dbmfj9ZqVG3rEf,6qL2RPnVK0g2P7G8Mykw20,11010-2006-10-19T005033Z
44v2Ela8Dbmfj9ZqVG3rEf,6AE9NgFpt18zsgfe9wx0su,11154-2006-10-23T212021Z
57lg8DzJyNPlvk0ne2ijxh,5ycIGbVtoW8HDx5pNXebOf,11161-2006-10-23T234913Z,11162-2006-10-23T234924Z
57lg8DzJyNPlvk0ne2ijxh,1yroEEA63xa5f3LcWyw61A,11163-2006-10-24T000938Z
44v2Ela8Dbmfj9ZqVG3rEf,6AfCSyXavrHBwHztJkidb0,11234-2006-10-26T060250Z
44v2Ela8Dbmfj9ZqVG3rEf,FZdlnUNZPdstTuJLDabhH,11254-2006-10-29T204529Z
44v2Ela8Dbmfj9ZqVG3rEf,7wawfYg3BWofBMMs9mkNCT,11288-2006-11-01T210512Z
44v2Ela8Dbmfj9ZqVG3rEf,7m3rnwFo3dX6qXyFhHWdq6,11308-2006-11-05T204622Z
44v2Ela8Dbmfj9ZqVG3rEf,5659Nv08TRyLY2R480x8Eu,11335-2006-11-08T234851Z
5JPHJhnRbYPEjx21mT4t91,6DHE8ZA7lqqgHWRqRqpnyK,11351-2006-11-11T221301Z
44v2Ela8Dbmfj9ZqVG3rEf,1FWmHn1wv1tOIch24erwwd,11356-2006-11-12T234505Z
44v2Ela8Dbmfj9ZqVG3rEf,7Cm1t8dDlHDmqCAinw4BMv,11373-2006-11-15T223056Z
44v2Ela8Dbmfj9ZqVG3rEf,9hIrMfGcHy2OReg0bwYvO,11411-2006-11-20T020217Z
44v2Ela8Dbmfj9ZqVG3rEf,5svIbpx0yirWJ3iRGdPPdQ,11443-2006-11-22T233949Z
44v2Ela8Dbmfj9ZqVG3rEf,MDe2FPpCGDY39vZ7TSaNh,11464-2006-11-26T213243Z
44v2Ela8Dbmfj9ZqVG3rEf,6SfRQQTvfdonq9We5tSuXC,11479-2006-11-29T233647Z
44v2Ela8Dbmfj9ZqVG3rEf,6JG0wQ60OWtjjmstD8ys2N,11490-2006-12-03T220802Z
44v2Ela8Dbmfj9ZqVG3rEf,5TUa6zNeltNOTdLIYZjmy6,11521-2006-12-06T223350Z
44v2Ela8Dbmfj9ZqVG3rEf,504uVIDUzSg05FTF3xKzlX,11545-2006-12-10T222117Z
44v2Ela8Dbmfj9ZqVG3rEf,5tJSwGbyvgATec17OZhvVE,11579-2006-12-14T195621Z
44v2Ela8Dbmfj9ZqVG3rEf,4hcLNOAYpGUs9FVZ27AMSD,11592-2006-12-18T053913Z
5UOH8rQWMBpabc7aRvaRSY,2PNMwc0WC21aVBncjD3iKb,11659-2007-01-14T202050Z
44v2Ela8Dbmfj9ZqVG3rEf,2SLX2UusPZMux6djjOYMOD,11663-2007-01-14T233704Z
44v2Ela8Dbmfj9ZqVG3rEf,7xv7oJJcWtfLFEhDoVLZAa,11685-2007-01-17T220549Z
44v2Ela8Dbmfj9ZqVG3rEf,1Rx7aB7dXvWZu8VHgYg2Xh,11710-2007-01-21T224758Z
44v2Ela8Dbmfj9ZqVG3rEf,3YDWzDTCwy2ZapKH5Ykriw,11739-2007-01-24T213507Z
44v2Ela8Dbmfj9ZqVG3rEf,1ONd1glDwl4ZAkQ5BiHhAm,11751-2007-01-28T213250Z
44v2Ela8Dbmfj9ZqVG3rEf,4ClqF9171MeGkiwfOEnbEW,11771-2007-01-31T225356Z
44v2Ela8Dbmfj9ZqVG3rEf,1ktssI44JzvQDPyJgVqT6D,11830-2007-02-05T005904Z
44v2Ela8Dbmfj9ZqVG3rEf,4B0gZA0gEqHYK1g9ftDRDI,11861-2007-02-07T230726Z
44v2Ela8Dbmfj9ZqVG3rEf,6xEnNeJeRvOzjRRcaVlLMj,11979-2007-02-11T232007Z
44v2Ela8Dbmfj9ZqVG3rEf,5Vd7zwgj2rd8zE9PIBhfEC,12055-2007-02-14T223937Z
44v2Ela8Dbmfj9ZqVG3rEf,p0KXjItJLO9IpX5CdvBwj,12092-2007-02-18T213501Z
44v2Ela8Dbmfj9ZqVG3rEf,7xXSmr73cwxhZorrGVla35,12122-2007-02-21T053339Z
44v2Ela8Dbmfj9ZqVG3rEf,6jmVPPjq74FKgROhL7oCNF,12164-2007-02-25T230138Z
44v2Ela8Dbmfj9ZqVG3rEf,5nfu3B5Cuoz1z4PSI5p5oD,12435-2007-03-01T004950Z
iI5SLtj1pZVN82t2DhUrk,2EKCXeUdTBPPiSdr7rNZVR,12523-2007-03-05T031327Z
6OM3n654AeQ1novRGBXCm1,5OVMYzcVWTF4N5fzvbV7jT,12596-2007-03-06T212740Z
iI5SLtj1pZVN82t2DhUrk,6oBuvnJKFYdlJ1tKjV99uj,12633-2007-03-07T231242Z
iI5SLtj1pZVN82t2DhUrk,5zZjJGXv5k3Y3yk0Rxpoet,12855-2007-03-11T234251Z
iI5SLtj1pZVN82t2DhUrk,5tbZy0UoyHaZYRWvKe9TwC,13157-2007-03-15T001908Z
4qcnZCl9ecoiruCwTaCtqZ,6Jp8ygcBkjT4BbM8zCpB9y,10947-2006-10-16T223615Z
29YEdO7V8mL4P4QUWUzBpd,31YfdnSKZtrR5cj8OB8gna,11301-2006-11-05T043530Z
5DeSbghEAatqYjsV9fgMZD,11ArM7nb9ay9HWujYlKyd4,11442-2006-11-22T223231Z
2TbqSmXkCNgFIp0sw0AtKX,1bpQRwoL537azgDaprjdAd,11554-2006-12-12T223717Z
4DnWXeSxQyxUyBJZqRMCwR,3NdQCcBM7fMiSn3j0Gjrea,11555-2006-12-13T021322Z
7MvCuvsEizOBWMXz3zGmo8,4rHoN0ULhN9Zk9jIxGh9In,11556-2006-12-13T022311Z
5ujL3NHZkWYsfd6pTVHoPQ,C1bH2oRVNECbzta5Ot8e2,11557-2006-12-13T040246Z
1dnyohAgiwucrkdws6X9pI,12kcKmIGPlJiz5GeorpZvo,11581-2006-12-14T220731Z
7MvCuvsEizOBWMXz3zGmo8,njiiwU2z70SK7PylAqu3L,11594-2006-12-19T220646Z
6QYkn1ulCGGMHr7eIMv0mL,78lFPs5JTVdVWJtt6FPYFQ,11595-2006-12-20T032205Z
3Z49Wep2zjtivySTKPGVYU,CYBlWJLSZBcJSp77SqkTp,11599-2006-12-21T002959Z
6SNUK6CUrCalIuLZXGnGn1,5Jk6boqgE2LZ3edo2KkWKf,11600-2006-12-21T010706Z,11601-2006-12-21T010707Z
6dJaoo7yEbnPkDJ4DwwMJH,2nveZSyjmcCNfpGfzHmxIZ,11602-2006-12-21T013953Z
73OOeVO4mlsxU6009q7m3i,4z1UenOwJ5TXE2nWfz5u4Y,11633-2007-01-10T041138Z
4d1pxewAXLgiZQ07tqecM1,6YUr2jfVTdRuucHIRBHEJE,11636-2007-01-10T183104Z
1c7pBaIJMIZwUeA2MBFykT,7b2VMT6w57y57zQy6fqhl8,11713-2007-01-22T011624Z
3Iqpof37zfevSOM9t1Naxp,4zyRINgVYzTtb5K5xFkkvs,11721-2007-01-23T003411Z,11722-2007-01-23T003414Z
3Iqpof37zfevSOM9t1Naxp,1EAJZLSifX7CWrlv9lT4Xu,11723-2007-01-23T003601Z
1EKfYVetfOfK8BClQNfHTP,6JOHXKPOfKwBZWs9Igf2cJ,11736-2007-01-24T035905Z
39nshBetuO0NCY7pLKD29Y,47ciQzNtI1kvhCPidyIJiM,11755-2007-01-29T192329Z
4xD9onlGflmCh1vyp8LkSs,EcKmgWMSNGaJQ48dhAEwr,11904-2007-02-09T034425Z
5GrcIcnMoZ4IjvIhWeapUW,75MWJ8KojJdlllbFmcAawQ,12042-2007-02-13T202755Z
1IIRVw9HVuaxBI2v8qSYwM,1bspqe9cpZsuoaSMWEwvLE,12059-2007-02-15T033046Z
4Y4g8YCPYzAl22wt1UomhL,1b4eeFG4sZH4GxzlT5jJgS,12095-2007-02-18T215406Z
6FGtewiYajbNecjl36UAcG,2ZHrOQafWNWmMUPgyHTXH5,12105-2007-02-19T203949Z,12106-2007-02-19T203952Z
10voaZ5GvtXiKpwbFKUXfV,22cKJ3QyN24jnoaPMR7Aoj,12146-2007-02-22T225708Z
z3upI5IkiACuQlBp28iTj,19gqmUdM1mvmCwkKu8sqRd,12441-2007-03-01T013426Z
5zj7D1MfOxbCpoABuHVv6R,2aJNZytegKbidIFdJnpgBX,12821-2007-03-11T082205Z
swxP2Fua69qjEtUqfDWqB,7sZNCyqoLq0p5DtFiYGbET,13098-2007-03-14T030701Z
6WOFAsDTDOLwy9NZhxDBla,PEYxBjUAhj5aUUHir9Rhb,11401-2006-11-19T220000Z
6XzKWS63HQeWpE0qpoR5se,79v58rxeWXSlmpOzhLBXIB,12521-2007-03-05T024057Z
2H72JVAKJObAb8Bwx8Ob0R,2NaET08EJGpEHMCC9ydsXa,12522-2007-03-05T024330Z
1cw8Hht96rvwEzA4qy8ytE,3ZedTqVhM4WIs28kK8djeI,12167-2007-02-25T231957Z
1cw8Hht96rvwEzA4qy8ytE,s2SqQmjwwFp1qcX3fda93,12170-2007-02-26T003350Z
1cw8Hht96rvwEzA4qy8ytE,4W10Y6DP2FeBmnhRLl1Nmy,12461-2007-03-02T001032Z
